title,date,location,price,image_url
DreamFlow // Lemezbemutat Koncert// Kolozsvr,"mar?i, 18 martie 2025, 19:00","Flying Circus, Cluj-Napoca",25 lei,https://livetickets-cdn.azureedge.net/itemimages/dreamflow-lemezbemutato-koncert-kolozsv/Background_MEDIUM.jpg?974c48b8-72ca-4f05-82bc-c17b0896a731
Samurai - MANUSCRIS,"miercuri, 19 martie 2025, 18:00","Gradina Alhambra, Bucure?ti",30 lei,https://livetickets-cdn.azureedge.net/itemimages/samurai-manuscris/Background_MEDIUM.jpg?3e4731fa-4183-43a3-8769-a218b8529775
Concert Zdob ?i Zdub n Ora?ul cu Chef de Via?a,"miercuri, 19 martie 2025, 20:30","Beraria H, Bucure?ti",49.9 - 149.9 lei,https://livetickets-cdn.azureedge.net/itemimages/concert-zdob-zdub-bucuresti-bh-2025/Background_MEDIUM.jpg?629b58c2-b9c9-4943-a39c-6e7265c33f58
Stand Up Drama,"joi, 20 martie 2025, 19:00","?oseaua Mihai Bravu 223, Bucure?ti",50 lei,https://livetickets-cdn.azureedge.net/itemimages/stand-up-drama/Background_MEDIUM.jpg?36bdd803-eba0-4089-8d2b-cffa40928506
Concert Wanted,"joi, 20 martie 2025, 19:00","Acaju Cafe, Ia?i",44 lei,https://livetickets-cdn.azureedge.net/itemimages/concert-wanted/Background_MEDIUM.jpg?b572278b-efd7-43e2-9143-28cb6220d1fc
"Bonel - ,,Primul Meu Concert"" + Lansare ,,MIXED FEELINGS""","joi, 20 martie 2025, 20:00","Nook Club, Bucure?ti",30 - 50 lei,https://livetickets-cdn.azureedge.net/itemimages/bonel-primul-meu-concert-lansare-mixed-feelings/Background_MEDIUM.jpg?37064466-0eee-4a06-b066-efcc38288c38
Hai sa facem sex - 20 martie,"joi, 20 martie 2025, 20:00","Strada Logofatul Tautu 68A, Bucure?ti",72 lei,https://livetickets-cdn.azureedge.net/itemimages/hai-sa-facem-sex/Background_MEDIUM.jpg?9bec1284-71b6-43ed-bc4c-4df7d55897c6
CARAMELO | baila reggaeton,"joi, 20 martie 2025, 20:00","Interbelic, Bucure?ti",0 lei,https://livetickets-cdn.azureedge.net/itemimages/caramelo-baila-reggaeton-20/Background_MEDIUM.jpg?c75debf2-aae6-44ec-a974-6bc21dd54134
Concert Lansare - Sico - Story the Club Suceava,"joi, 20 martie 2025, 21:00","Story - The Club, Suceava",30 lei,https://livetickets-cdn.azureedge.net/itemimages/concert-lansare-sico-story-the-club-suceava/Background_MEDIUM.jpg?c8752217-7505-43f1-912d-f1d8fbddf032
"WHITE PARTY ? Sesiunea de noapte @ Altfel, Timisoara","joi, 20 martie 2025, 22:00","#altfel Timisoara, Timi?oara",20 - 120 lei,https://livetickets-cdn.azureedge.net/itemimages/white-party-sesiunea-de-noapte-altfel-timisoara/Background_MEDIUM.jpg?8bc0c8fb-8983-4f51-86b3-970b25849da8
DISNEY PARTY by UNIFIESTA,"joi, 20 martie 2025, 23:00","Temple Pub & Grill, Bra?ov",20 - 25 lei,https://livetickets-cdn.azureedge.net/itemimages/disney-party-by-unifiesta/Background_MEDIUM.jpg?a1c843a5-4f94-478a-9fb8-bb42e272ab2d
"UNA NOCHE Caliente | 20 MAR, FORM Space, Cluj","joi, 20 martie 2025, 23:59","Form Space, Cluj-Napoca",30 - 120 lei,https://livetickets-cdn.azureedge.net/itemimages/una-noche-caliente-20-mar-form-space-cluj/Background_MEDIUM.jpg?0716ecbc-2902-4b6d-b9b8-402565349c0c
??? BALUL BOBOCILOR UMFT 2025 ???,"vineri, 21 martie 2025, 17:00","FUNDATIA JUDETEANA PENTRU TINERET TIMIS, Timi?oara",25 - 40 lei,https://livetickets-cdn.azureedge.net/itemimages/balul-bobocilor-umft-2025/Background_MEDIUM.jpg?fee1a19b-0117-45fa-b610-00540c03271b
3 sud est at Fabrica de Bere,"vineri, 21 martie 2025, 18:40","Fabrica de Bere, Cluj-Napoca",119 - 129 lei,https://livetickets-cdn.azureedge.net/itemimages/3-sud-est-at-fabrica-de-bere/Background_MEDIUM.jpg?f42ae10a-49c2-46fb-8f7e-1394136dd8d1
GBE25,"vineri, 21 martie 2025, 19:00","Ambasador Oradea, Oradea",60 - 130 lei,https://livetickets-cdn.azureedge.net/itemimages/gbe25/Background_MEDIUM.jpg?502aef22-fa73-439d-a197-95ce832614a5
108 Antique Singing Bowls - A Sound Experience,"vineri, 21 martie 2025, 19:00","Franciscan Church of St. Mary of the Snows in Cluj-Napoca, Cluj-Napoca",60 lei,https://livetickets-cdn.azureedge.net/itemimages/108-antique-singing-bowls-a-sound-experience/Background_MEDIUM.jpg?06d76954-2f1f-46bd-86cd-5f161680a9b9
CARTIERUL ?UCAR | Primul bal al vechii lumi,"vineri, 21 martie 2025, 19:00","Linea | Closer To The Moon, Bucure?ti",49 - 99 lei,https://livetickets-cdn.azureedge.net/itemimages/cartierul-sucar-primul-bal-al-vechii-lumi/Background_MEDIUM.jpg?35ed3e70-34b5-4d62-b8f2-12beada5f639
Vin ?i pictez,"vineri, 21 martie 2025, 19:00","La Maison des Artistes, Bucure?ti",150 lei,https://livetickets-cdn.azureedge.net/itemimages/vin-si-pictez-28/Background_MEDIUM.jpg?7f3087ca-363b-41e8-9a49-66840750a256
SINTEZE - Romanescu / Iordache / Scurtu - 21.03.25,"vineri, 21 martie 2025, 19:30","?oseaua Mihai Bravu 223, Bucure?ti",30 lei,https://livetickets-cdn.azureedge.net/itemimages/sinteze-romanescu-iordache-scurtu-210325/Background_MEDIUM.jpg?1df2ea21-1b94-40c2-90c2-38cc44d1fe1c
Madalina Paval Orchestra  | Concert Lansare Album Fuga Iuga |  Guesthouse Bucure?ti 21.03,"vineri, 21 martie 2025, 20:00","Club Guesthouse, Bucure?ti",100 lei,https://livetickets-cdn.azureedge.net/itemimages/madalina-paval-orchestra-concert-lansare-album-fuga-iuga-guesthouse-bucuresti-2103/Background_MEDIUM.jpg?5079952e-8947-4912-994a-2f1c187923bc
Un spectacol dumnezeiesc - 21 martie,"vineri, 21 martie 2025, 20:00","Strada Logofatul Tautu 68A, Bucure?ti",72 lei,https://livetickets-cdn.azureedge.net/itemimages/un-spectacol-dumnezeiesc-21-martie/Background_MEDIUM.jpg?3e8d1946-957c-497d-9e91-9c6ae9dc496c
GALANT - 2 YEARS ANNIVERSARY featuring DANI MOCANU - CHAPTER VII,"vineri, 21 martie 2025, 21:00","Centrul Regional de Excelen?a pentru Industrii Creative, Cluj-Napoca",69.99 - 140 lei,https://livetickets-cdn.azureedge.net/itemimages/galant-2-years-anniversary-chapter-vii/Background_MEDIUM.jpg?9a9e62ca-24bf-4389-8b27-20a437195281
Tomis Junior & Doini?a Fluturu vin la Riviera Park,"vineri, 21 martie 2025, 21:00","Riviera Park, Bucure?ti",30 lei,https://livetickets-cdn.azureedge.net/itemimages/concert-tomis-junior-doinita-fluturu-bucuresti-2025/Background_MEDIUM.jpg?9fafd216-8724-4b55-94d4-aba6b43b6d24
Cluj-Napoca: MANELIADA | Cu capul in nori,"vineri, 21 martie 2025, 22:00","Klausen Burger, Cluj-Napoca",80 - 90 lei,https://livetickets-cdn.azureedge.net/itemimages/cluj-napoca-maneliada-cu-capul-in-nori/Background_MEDIUM.jpg?9fcdfb02-b726-4f1b-ae22-4b3bb4a0a59c
TEKno RENEGATE,"vineri, 21 martie 2025, 22:00","?oseaua Mihai Bravu 223, Bucure?ti",30 lei,https://livetickets-cdn.azureedge.net/itemimages/tekno-renegate/Background_MEDIUM.jpg?c12c975d-2eb5-4208-a100-0e268e206d84
"CAROUSEL PARTY @ Liquid, Sibiu","vineri, 21 martie 2025, 22:00","Liquid The Club, Sibiu",20 - 120 lei,https://livetickets-cdn.azureedge.net/itemimages/carousel-party-liquid-sibiu-6/Background_MEDIUM.jpg?4a929f4b-2768-4b2a-9f4a-8ba563cae160
HIVE presents Aaron Sevilla @ Dacardi Events | 21.03,"vineri, 21 martie 2025, 22:00","Dacardi Events, Oradea",79 - 119 lei,https://livetickets-cdn.azureedge.net/itemimages/hive-presents-aaron-sevilla-dacardi-events-2103/Background_MEDIUM.jpg?7dcad28b-a607-4df3-9a57-0841e46ac5c7
NOA MIDNIGHT w/ MEDUN @Midnights Concept,"vineri, 21 martie 2025, 22:00","Club NOA, Cluj-Napoca",50 - 150 lei,https://livetickets-cdn.azureedge.net/itemimages/medun-x-midnights-noa-club-march-21/Background_MEDIUM.jpg?9602a811-bb94-42b9-b466-c49a19f31305
Havana Party // The Cuban Project // Hush Pitesti,"vineri, 21 martie 2025, 22:00","Club Hush Pitesti, Pite?ti",60 lei,https://livetickets-cdn.azureedge.net/itemimages/havana-party-the-cuban-project-hush-pitesti/Background_MEDIUM.jpg?dd6e1fd2-237a-4892-9779-2999e44b3513
Private Pijama Party,"vineri, 21 martie 2025, 22:00","Club Escape, Gherla",50 lei,https://livetickets-cdn.azureedge.net/itemimages/private-pijama-party/Background_MEDIUM.jpg?98d523cd-9cc6-4c9b-bf9e-95744114b191
Manelomania - Piatra Neam?,"vineri, 21 martie 2025, 22:00","Tequila Bowling Piatra Neamt, Piatra Neam?",30 - 120 lei,https://livetickets-cdn.azureedge.net/itemimages/manelomania-piatra-neamt-5/Background_MEDIUM.jpg?f9d5ed93-f491-445b-b500-6a3844eeefb5
La Magia de Mike ?? | El Cartel ?? | Magic Mike Show + Reggaeton ??,"vineri, 21 martie 2025, 22:00","OXYA Club, Bucure?ti",60 - 210 lei,https://livetickets-cdn.azureedge.net/itemimages/la-magia-de-mike-el-cartel-magic-mike-show-reggaeton/Background_MEDIUM.jpg?0e77dc41-f2a0-479a-990f-014d075e1757
Oldies meet Karneval,"vineri, 21 martie 2025, 22:00","MATTER, Cluj-Napoca",25 lei,https://livetickets-cdn.azureedge.net/itemimages/oldies-meet-karneval/Background_MEDIUM.jpg?5260a848-70f1-4444-8343-e21f883d7fe5
"OPUS w/Caliman, Jnt, Omen","vineri, 21 martie 2025, 22:00","Opus Club, Trgu Mure?",15 lei,https://livetickets-cdn.azureedge.net/itemimages/opus-wcaliman-jnt-omen/Background_MEDIUM.jpg?31d34895-1e83-4ae2-8c01-04c3a68cb6e0
"Chris Stussy, Sepp b2b Nu Zau, Chapter 47 | NOOK","vineri, 21 martie 2025, 23:00","Nook Club, Bucure?ti",50 - 150 lei,https://livetickets-cdn.azureedge.net/itemimages/chris-stussy-sepp-b2b-nu-zau-chapter-47-nook/Background_MEDIUM.jpg?9ff86e62-8377-4424-8e20-75b54a65148d
ALEX BOTEA @ LIVE @ DIVINO,"vineri, 21 martie 2025, 23:00","Divino Lounge&Bar, Gala?i",90 - 100 lei,https://livetickets-cdn.azureedge.net/itemimages/alex-botea-live-divino/Background_MEDIUM.jpg?a39db65f-43b0-40c4-9538-40a5850d654a
Primavara Manelelor-Ia?i,"vineri, 21 martie 2025, 23:00","Skin Music Lounge, Ia?i",70 - 90 lei,https://livetickets-cdn.azureedge.net/itemimages/primavara-manelelor-iasi/Background_MEDIUM.jpg?57bd50dd-8967-4000-a9b3-5c40d308cf57
??SAFARI by INTENSELY: Latino- Reggaeton party,"vineri, 21 martie 2025, 23:00","Temple, Bra?ov",25 - 30 lei,https://livetickets-cdn.azureedge.net/itemimages/safari-by-intensely-latino-reggaeton-party/Background_MEDIUM.jpg?e372e8fa-1e03-4df0-86f1-feefe9346498
The Winds of Mykonos at FRATELLI X UMF Parties,"vineri, 21 martie 2025, 23:00","Fratelli Lounge & Club, Ia?i",40 lei,https://livetickets-cdn.azureedge.net/itemimages/the-winds-of-mykonos-at-fratelli-x-umf-parties/Background_MEDIUM.jpg?3cc55f07-7eae-4573-9bbb-fe061db69958
La noche latina,"vineri, 21 martie 2025, 23:00","Strandul No Name (no name beach), Timi?oara",20 - 25 lei,https://livetickets-cdn.azureedge.net/itemimages/la-noche-latina/Background_MEDIUM.jpg?f8060fb7-865b-488e-abcc-856247d2d93e
Retro Party at Euphoria Music Hall,"vineri, 21 martie 2025, 23:00","Euphoria Music Hall, Cluj-Napoca",30 lei,https://livetickets-cdn.azureedge.net/itemimages/retro-party-at-euphoria-music-hall-7/Background_MEDIUM.jpg?daae9f39-6490-478d-ad7c-a95ebc30e5df
Concert Diana Matei & Taraful Cleante I Bonus: Meci Romnia vs. Bosnia Her?egovina pe ecrane gigant,"vineri, 21 martie 2025, 23:30","Beraria H, Bucure?ti",59 - 129 lei,https://livetickets-cdn.azureedge.net/itemimages/concert-diana-matei-taraful-cleante-bucuresti-2025/Background_MEDIUM.jpg?550c4d0c-82a2-419b-bc33-8a872d5ae8c8
TED? Questfield International College Youth,"smbata, 22 martie 2025, 08:45","ARCUB, Bucure?ti",150 - 200 lei,https://livetickets-cdn.azureedge.net/itemimages/ted?-questfield-international-college-youth/Background_MEDIUM.jpg?97344507-05ea-4eae-a517-ae10f33f83e2
YOUNG WINES FOR YOUNGS,"smbata, 22 martie 2025, 16:00","Casino - Centrul de Cultura Urbana, Cluj-Napoca",60 - 100 lei,https://livetickets-cdn.azureedge.net/itemimages/young-wines-for-youngs-20/Background_MEDIUM.jpg?083ef79d-149d-44c3-9dbb-8df5a4116765
"""Verticala 3 Fete Negre"" by Aurelia Visinescu","smbata, 22 martie 2025, 16:30","Casino - Centrul de Cultura Urbana, Cluj-Napoca",175 lei,https://livetickets-cdn.azureedge.net/itemimages/workshop-aurelia-visinescu/Background_MEDIUM.jpg?b09dc978-6e67-41e0-90e6-4d903c60e14c
Serenity in Sound - A Candlelight Yoga & Live Piano Experience,"smbata, 22 martie 2025, 17:00","Strada Alexandru Philippide 6, Bucure?ti",250 lei,https://livetickets-cdn.azureedge.net/itemimages/serenity-in-sound-a-candlelight-yoga-live-piano-experience/Background_MEDIUM.jpg?d7d0e927-7c40-4d59-a095-51e5525c2f8e
Rendezvous Limit - At Aro Palace,"smbata, 22 martie 2025, 18:00","Hotel Aro Palace, Bra?ov",130 lei,https://livetickets-cdn.azureedge.net/itemimages/rendezvous-limite-at-aro-palace/Background_MEDIUM.jpg?7d70818b-3cd0-481c-b9db-d7ab99f2f409
Malina Avasiloaie & Balkanik Taraf at Fabrica de Bere,"smbata, 22 martie 2025, 18:40","Fabrica de Bere, Cluj-Napoca",45 - 90 lei,https://livetickets-cdn.azureedge.net/itemimages/malina-avasiloaie-balkanik-taraf-at-fabrica-de-bere/Background_MEDIUM.jpg?04dd7ac1-4fcb-4e74-a023-e2d91d169f70
Feli n concert // Bucure?ti - Beraria H,"smbata, 22 martie 2025, 19:00","Beraria H, Bucure?ti",49.9 - 99.9 lei,https://livetickets-cdn.azureedge.net/itemimages/concert-feli-bucuresti-2025/Background_MEDIUM.jpg?8027c02d-20fe-41dd-a5cc-f970794286f1
Balul Bobocilor,"smbata, 22 martie 2025, 19:00","Trgu Mure? National Theatre, Trgu Mure?",40 - 50 lei,https://livetickets-cdn.azureedge.net/itemimages/balul-bobocilor-1/Background_MEDIUM.jpg?d7a069c1-ced2-45ae-ac72-f3c309ec5df7
Arabian Night,"smbata, 22 martie 2025, 19:00","OXYA Club, Bucure?ti",70 - 110 lei,https://livetickets-cdn.azureedge.net/itemimages/arabian-night/Background_MEDIUM.jpg?283f9b2a-ebc5-45b6-a30d-c349321d6162
Workshop Maximilian Chocolat,"smbata, 22 martie 2025, 19:00","Casino - Centrul de Cultura Urbana, Cluj-Napoca",125 lei,https://livetickets-cdn.azureedge.net/itemimages/workshop-maximilian-chocolat/Background_MEDIUM.jpg?93d2dc0b-3566-442e-837f-111fafde27c3
Madalina Paval Orchestra | Concert Lansare Album Fuga Iuga | FORM SPACE Cluj-Napoca 22.03,"smbata, 22 martie 2025, 20:00","Form Space, Cluj-Napoca",80 - 100 lei,https://livetickets-cdn.azureedge.net/itemimages/madalina-paval-orchestra-concert-lansare-album-fuga-iuga-form-space-cluj-napoca-2203/Background_MEDIUM.jpg?7d500a2f-8778-4756-90e1-c890ae488692
Tavanul de sticla - 22 martie,"smbata, 22 martie 2025, 20:00","Strada Logofatul Tautu 68A, Bucure?ti",72 lei,https://livetickets-cdn.azureedge.net/itemimages/tavanul-de-sticla-22-martie/Background_MEDIUM.jpg?ed873917-54d1-48b3-b0b9-1c76f496ee2c
RETRO NIGHT FEVER | MC DYLMA x PAPPA M x BLACKIE | 22 MARTIE | CLUJ-NAPOCA,"smbata, 22 martie 2025, 20:00","CHIOS Social Lounge, Cluj-Napoca",45 lei,https://livetickets-cdn.azureedge.net/itemimages/retro-night-fever-mc-dylma-x-pappa-m-x-blackie-22-martie-cluj-napoca/Background_MEDIUM.jpg?93d43e58-e4cf-42be-b5f8-a4221ef085cb
Once Upon a Time,"smbata, 22 martie 2025, 20:00","Eataly Cafe Bar, Timi?oara",0 lei,https://livetickets-cdn.azureedge.net/itemimages/once-upon-a-time-2/Background_MEDIUM.jpg?d6a56b8a-0949-4ba7-8435-aef6514048e0
22.03 | pulse. at the AIRPORT,"smbata, 22 martie 2025, 21:00","Sibiu International Airport, Sibiu",0 - 999 lei,https://livetickets-cdn.azureedge.net/itemimages/sbz-airport-2203/Background_MEDIUM.jpg?8c303872-1234-4700-aa30-7bce21be7cab
Carnavalul Primaverii 15.0  RAVA,"smbata, 22 martie 2025, 21:00","Diplomatic Mamaia, Constan?a",60 - 100 lei,https://livetickets-cdn.azureedge.net/itemimages/carnavalul-primaverii-150-rava/Background_MEDIUM.jpg?391120cd-69ae-4895-9bfd-bd94d5cfb0dc
Afrodite - Act 2: Garden of Eden,"smbata, 22 martie 2025, 21:00","Royal Hall - Casa Presei Libere, Bucuresti",80 - 320 lei,https://livetickets-cdn.azureedge.net/itemimages/afrodite-act-2-garden-of-eden/Background_MEDIUM.jpg?6d7f0c86-581a-4579-a039-4ca6dc7e5ea9
Primavara Manelelor-Cluj Napoca,"smbata, 22 martie 2025, 22:00","Cluj Arena, Cluj-Napoca",60 - 80 lei,https://livetickets-cdn.azureedge.net/itemimages/primavara-manelelor-cluj-napoca/Background_MEDIUM.jpg?fe45ba8b-5a5c-4fe7-8e17-51df7fabba8b
q.p,"smbata, 22 martie 2025, 22:00","Nether Club, Bucure?ti",45 lei,https://livetickets-cdn.azureedge.net/itemimages/qp/Background_MEDIUM.jpg?378cfab5-a56c-432c-b640-6fe58d92f7e6
AFTER HOURS - PETRE STEFAN,"smbata, 22 martie 2025, 22:00","NOA Club, Cluj-Napoca",30 - 40 lei,https://livetickets-cdn.azureedge.net/itemimages/after-hours-secret-artist/Background_MEDIUM.jpg?c704fb2f-bf85-480c-9c7a-fcd38a2cea58
Manelomania - Ia?i,"smbata, 22 martie 2025, 22:00","Master Club, Ia?i",30 - 200 lei,https://livetickets-cdn.azureedge.net/itemimages/manelomania-iasi-2/Background_MEDIUM.jpg?b4c23f75-6e27-4ce3-9779-4cd0edc0366c
* GEORGIANA LOBONT * 22 MARTIE * LIQUID THE CLUB *,"smbata, 22 martie 2025, 22:00","Liquid The Club, Sibiu",60 - 100 lei,https://livetickets-cdn.azureedge.net/itemimages/georgiana-lobont-22-martie-liquid-the-club/Background_MEDIUM.jpg?2d22ef21-04a6-455b-8cef-5189c5d78f1a
Le Petit ? MASAKA AFRICANA  ? 22.03.2025,"smbata, 22 martie 2025, 22:00","Bragadiru Palace, Bucure?ti",80 - 200 lei,https://livetickets-cdn.azureedge.net/itemimages/le-petit-masaka-africana-22032025/Background_MEDIUM.jpg?c086612c-6500-493e-88c4-b8bb4c3582de
"ORI LA BAR, ORI LA SPITAL","smbata, 22 martie 2025, 22:00","Vintage Club, Zalau",29.99 - 130 lei,https://livetickets-cdn.azureedge.net/itemimages/ori-la-bar-ori-la-spital/Background_MEDIUM.jpg?b71d5d99-0c60-4867-a9ad-e3d13792afc2
Timi?oara: Manelescu w/ DJ Belu,"smbata, 22 martie 2025, 22:00","Exit Club, Timi?oara",20 - 100 lei,https://livetickets-cdn.azureedge.net/itemimages/manelescu-8/Background_MEDIUM.jpg?5fb9c2eb-aaf7-493b-b5f0-3b0243fd9e5f
Money Talks Party,"smbata, 22 martie 2025, 22:30","ARS ANIMA, Brasov",50 lei,https://livetickets-cdn.azureedge.net/itemimages/money-talks-party/Background_MEDIUM.jpg?f77abc1a-5c84-436a-9047-dd9ddfd3cfe1
Temple of Confessions. by GAIA. with Tripolism.,"smbata, 22 martie 2025, 22:30","ONE Tower,",125 - 165 lei,https://livetickets-cdn.azureedge.net/itemimages/temple-of-confessions-by-gaia-with-tripolism/Background_MEDIUM.jpg?ae1a14f3-8850-4019-90c4-1f2d4cba46fc
After Prom Party,"smbata, 22 martie 2025, 23:00","Liga Studentilor din Trgu Mures, Trgu Mure?",100 lei,https://livetickets-cdn.azureedge.net/itemimages/after-prom-party/Background_MEDIUM.jpg?7c0c4330-384d-43bc-badd-756850221f2f
"22.03 | Limousine Dream: Cap, Gene on Earth, Peach, Sweely","smbata, 22 martie 2025, 23:00","Club Guesthouse, Bucure?ti",40 lei,https://livetickets-cdn.azureedge.net/itemimages/2203-limousine-dream-cap-gene-on-earth-peach-sweely/Background_MEDIUM.jpg?b798cb6b-24b7-4ca7-9023-bdacd0e8f0ba
I ??OLD School |  HipHop & RnB-90s  2000s /FORMspace,"smbata, 22 martie 2025, 23:00","Cluj-Napoca, Cluj-Napoca",30 - 100 lei,https://livetickets-cdn.azureedge.net/itemimages/i-old-school-hiphop-rnb-90s-2000s-formspace/Background_MEDIUM.jpg?ef59e973-b72a-491f-a2b4-fbaf94a42953
EARLY BIRD - Denis Spaniolu & Spania Team,"smbata, 22 martie 2025, 23:00","OASIS Club Cluj, Cluj-Napoca",45 lei,https://livetickets-cdn.azureedge.net/itemimages/denis-spaniolu-spania-team/Background_MEDIUM.jpg?6969ad52-d454-4c47-99d7-967e7b7bc2a0
Pressure Nights w. DJ Tree,"smbata, 22 martie 2025, 23:00","Strada Tudor Vladimirescu 16, Cluj-Napoca",40 lei,https://livetickets-cdn.azureedge.net/itemimages/pressure-nights-w-dj-tree/Background_MEDIUM.jpg?71684936-07e9-4ebd-8b02-72a833714988
22 Martie - DJ DENY - Crush Jungle,"smbata, 22 martie 2025, 23:00","Craiova, Craiova",40 lei,https://livetickets-cdn.azureedge.net/itemimages/22-martie-dj-deny-crush-jungle/Background_MEDIUM.jpg?bb9e382b-5a77-44a1-85ff-59b71702031c
Retro Manele & Balkanic Party at Euphoria Music Hall,"smbata, 22 martie 2025, 23:00","Euphoria Music Hall, Cluj-Napoca",30 lei,https://livetickets-cdn.azureedge.net/itemimages/retro-manele-balkanic-party-at-euphoria-music-hall-3/Background_MEDIUM.jpg?6600b388-17f0-467a-9686-dc41171dea95
Lele ?i forma?ia // Live la Beraria H,"smbata, 22 martie 2025, 23:15","Beraria H, Bucure?ti",49.9 - 69.9 lei,https://livetickets-cdn.azureedge.net/itemimages/concert-lele-bucuresti-2025/Background_MEDIUM.jpg?76d458fb-7500-49fa-8669-1f7fbf7e720d
DUPAYA - OCLU - 23 MARTIE 2025,"duminica, 23 martie 2025, 01:00","Oclu Pub, Bucure?ti",50 lei,https://livetickets-cdn.azureedge.net/itemimages/dupaya-23-martie-2025/Background_MEDIUM.jpg?183e0810-ad8f-4443-af01-b2c43cf1a50c
Spring Bloom,"duminica, 23 martie 2025, 11:00","Harmony Wellness Studio, Bucure?ti",120 lei,https://livetickets-cdn.azureedge.net/itemimages/spring-bloom/Background_MEDIUM.jpg?2d09c0b4-5545-4fe6-925a-eecf3537d079
Motanul ?i unicornul - 23 martie,"duminica, 23 martie 2025, 11:00","Strada Logofatul Tautu 68A, Bucure?ti",54 lei,https://livetickets-cdn.azureedge.net/itemimages/motanul-si-unicornul-23-martie/Background_MEDIUM.jpg?40ec6d88-a7c2-46e7-881b-73d6ee112fea
Are you sure? by Oliver Bauer,"duminica, 23 martie 2025, 16:00","Casino - Centrul de Cultura Urbana, Cluj-Napoca",175 lei,https://livetickets-cdn.azureedge.net/itemimages/workshop-oliver-bauer/Background_MEDIUM.jpg?dfdddfb5-cef6-4311-b985-d7bb3aa579d6
Breeze Bossanova at Fabrica de Bere,"duminica, 23 martie 2025, 18:00","Fabrica de Bere, Cluj-Napoca",50 - 60 lei,https://livetickets-cdn.azureedge.net/itemimages/breeze-bossanova-at-fabrica-de-bere/Background_MEDIUM.jpg?ec8e5369-5202-4ba5-9584-17134b4e24f4
108 Antique Singing Bowls Orchestra - A Sound Experience (Oradea),"duminica, 23 martie 2025, 19:00","Posticum, Oradea",30 - 60 lei,https://livetickets-cdn.azureedge.net/itemimages/108-antique-singing-bowls-orchestra-a-sound-experience-oradea/Background_MEDIUM.jpg?7361912e-28f7-40d8-93de-5c7b41e6af46
Jazz Funk & Soul Jam Session cu Sorin Zlat Quartet,"duminica, 23 martie 2025, 19:00","Takeovers Studio, Bucure?ti",60 lei,https://livetickets-cdn.azureedge.net/itemimages/jazz-funk-soul-jam-session-cu-sorin-zlat-quartet/Background_MEDIUM.jpg?33104381-e6ce-482c-88f2-5950347f5fb2
?edin?a cu parin?ii - 23 martie,"duminica, 23 martie 2025, 20:00","Strada Logofatul Tautu 68A, Bucure?ti",72 lei,https://livetickets-cdn.azureedge.net/itemimages/sedinta-cu-parintii-23-martie/Background_MEDIUM.jpg?240947e7-7d55-4d37-8eb2-9e5300783da9
"Daca te na?ti ntr-o luni, vei muri ntr-o vineri - 25 martie","mar?i, 25 martie 2025, 20:00","Strada Logofatul Tautu 68A, Bucure?ti",72 lei,https://livetickets-cdn.azureedge.net/itemimages/daca-te-nasti-intr-o-luni-vei-muri-intr-o-vineri-25-martie/Background_MEDIUM.jpg?f38e0179-c540-487b-b4aa-239f0c6f9d47
Carla's Dreams n concert // Bucure?ti - Beraria H,"mar?i, 25 martie 2025, 20:30","Beraria H, Bucure?ti",79 - 179 lei,https://livetickets-cdn.azureedge.net/itemimages/concert-carlas-dreams-bucuresti-2025/Background_MEDIUM.jpg?f8d8e0f2-3ea0-46f0-afd9-8f573b55a0d9
A.I.: Cnd un robot scrie o piesa de teatru - 26 martie,"miercuri, 26 martie 2025, 20:00","Strada Logofatul Tautu 68A, Bucure?ti",72 lei,https://livetickets-cdn.azureedge.net/itemimages/ai-cand-un-robot-scrie-o-piesa-de-teatru-26-martie/Background_MEDIUM.jpg?f0c34efa-fc9c-4b0e-8a25-ef9a60f5b064
TRAP PARTY by Afterhours,"miercuri, 26 martie 2025, 20:00","Interbelic, Bucure?ti",0 lei,https://livetickets-cdn.azureedge.net/itemimages/trap-party-by-afterhours-4/Background_MEDIUM.jpg?16531d40-1bd5-47c5-9cf0-a57447afb73f
"Adrian Minune, Florin Salam, Nicolae Gu?a, Vali Vijelie | prima data pe aceea?i scena | #Classics | 26 Martie 2025","miercuri, 26 martie 2025, 20:30","Beraria H, Bucure?ti",199 - 399 lei,https://livetickets-cdn.azureedge.net/itemimages/concert-minune-salam-guta-vijelie-bucuresti-26m-2025/Background_MEDIUM.jpg?4b0184a5-406b-42c9-be7a-1dcffa1cd641
"MiniRaver - music, lights and family vibes","joi, 27 martie 2025, 18:00","Hopa Hopa, Cluj-Napoca",120 - 400 lei,https://livetickets-cdn.azureedge.net/itemimages/miniraver-music-lights-and-family-vibes/Background_MEDIUM.jpg?6a8966c9-88b1-47dc-bd62-0560b3bc49f1
NEST05 w/ MINUNI & NDM + Open Decks @Cotton Club,"joi, 27 martie 2025, 18:00","Cotton Club, Cluj-Napoca",20 lei,https://livetickets-cdn.azureedge.net/itemimages/nest05-w-minuni-ndm-open-decks-cotton-club/Background_MEDIUM.jpg?b0e362d3-2d7e-4061-a540-7f6989262fe9
CAUT UN JOB o comedie spumoasa cu Elena Ivanca,"joi, 27 martie 2025, 19:00","Obsession Social Bar & Lounge, Cluj-Napoca",50 - 55 lei,https://livetickets-cdn.azureedge.net/itemimages/caut-un-job-o-comedie-spumoasa-cu-elena-ivanca/Background_MEDIUM.jpg?3c2d3d23-f5f0-4fb1-a189-e11d64db6214
Teatru Box! by Alive Theatre,"joi, 27 martie 2025, 19:00","Strada Biserica Amzei 21, Bucure?ti",35 lei,https://livetickets-cdn.azureedge.net/itemimages/teatru-box-by-alive-theatre/Background_MEDIUM.jpg?68a19b7d-6dc9-4da4-8a6a-17c8816061b6
O zi din via?a unui politician fericit - 27 martie,"joi, 27 martie 2025, 20:00","Strada Logofatul Tautu 68A, Bucure?ti",72 lei,https://livetickets-cdn.azureedge.net/itemimages/o-zi-din-viata-unui-politician-fericit-27-martie/Background_MEDIUM.jpg?83571269-34d6-4de5-a7eb-549ca3ee709f
RECYCLE BIN - ANIVERSAR 18 ani ??,"vineri, 28 martie 2025, 18:00","?oseaua Mihai Bravu 223, Bucure?ti",25 lei,https://livetickets-cdn.azureedge.net/itemimages/recycle-bin-aniversar-18-ani/Background_MEDIUM.jpg?050d3664-c76c-46cf-8966-c80ec39579c8
Vladu?a Lupau at Fabrica de Bere,"vineri, 28 martie 2025, 18:40","Fabrica de Bere, Cluj-Napoca",45 - 90 lei,https://livetickets-cdn.azureedge.net/itemimages/vladuta-lupau-at-fabrica-de-bere-1/Background_MEDIUM.jpg?e4d36634-d058-40f8-9590-773944900914
Vin ?i pictez,"vineri, 28 martie 2025, 19:00","La Maison des Artistes, Bucure?ti",150 lei,https://livetickets-cdn.azureedge.net/itemimages/vin-si-pictez-29/Background_MEDIUM.jpg?09514b3b-7da3-4a30-af36-f58a2252417b
Tasting Menu & Wine Pairing @SteakHUB Oradea - Casa de Vinuri Cotnari,"vineri, 28 martie 2025, 19:00","Steak HUB Oradea, Oradea",331 - 368 lei,https://livetickets-cdn.azureedge.net/itemimages/tasting-menu-wine-pairing-steakhub-oradea-casa-de-vinuri-cotnari/Background_MEDIUM.jpg?49431b19-0de3-4254-89a0-a24a2ec63f17
Concert Camelia Crisan- Seara speciala cu muzica live,"vineri, 28 martie 2025, 19:30","Restaurant RODIZIO, Cluj-Napoca",150 - 160 lei,https://livetickets-cdn.azureedge.net/itemimages/concert-camelia-crisan-seara-speciala-cu-muzica-live/Background_MEDIUM.jpg?5104b281-d789-4793-87e3-10371fbfc404
30Y Live at Jazz&Blues | Marosvsrhely,"vineri, 28 martie 2025, 20:00","Jazz&Blues Club, Trgu Mure?",60 lei,https://livetickets-cdn.azureedge.net/itemimages/30y-live-at-jazzblues-marosvasarhely/Background_MEDIUM.jpg?4a30c8ff-63e3-4be9-b796-3a09e3875bb6
Deziubire - 28 martie,"vineri, 28 martie 2025, 20:00","Strada Logofatul Tautu 68A, Bucure?ti",72 lei,https://livetickets-cdn.azureedge.net/itemimages/deziubire-28-martie/Background_MEDIUM.jpg?d648770f-1350-4b94-bb14-2998e3f67be5
"Prohibition Soiree @ The Vault, The Marmorosch Hotel","vineri, 28 martie 2025, 20:00","The Marmorosch Bucharest, Autograph Collection, Bucure?ti",100 lei,https://livetickets-cdn.azureedge.net/itemimages/prohibition-soiree/Background_MEDIUM.jpg?b6fa4379-bd2e-49ff-ba1f-6b9af3cc93d8
"ALTERNOSFERA ""Lansare Album - Steaguri Fara Culori  Bra?ov","vineri, 28 martie 2025, 20:30","Kruhnen Musik Halle, Bra?ov",110 - 150 lei,https://livetickets-cdn.azureedge.net/itemimages/alternosfera-lansare-album-2/Background_MEDIUM.jpg?9767aa0a-3414-4c42-8c73-4dbcc360fb34
KEMPES la Doors Club,"vineri, 28 martie 2025, 21:00","Doors Club, Constan?a",90 - 110 lei,https://livetickets-cdn.azureedge.net/itemimages/kempes-la-doors-club/Background_MEDIUM.jpg?e3796a2c-e57c-40ac-add1-052c5ca169f7
Bogdan de la Ploie?ti,"vineri, 28 martie 2025, 21:00","No Limit,",80 lei,https://livetickets-cdn.azureedge.net/itemimages/bogdan-de-la-ploiesti-1/Background_MEDIUM.jpg?3b3dbcbe-10f4-46df-b2ac-8d790e2b2b3f
4 YEARS OF DISCONNECT ??,"vineri, 28 martie 2025, 22:00","Cluj-Napoca, Cluj-Napoca",59 - 399 lei,https://livetickets-cdn.azureedge.net/itemimages/4-years-of-disconnect/Background_MEDIUM.jpg?6c504a43-c615-4495-84f0-c9f7f02f7b5e
Bucuresti: MANELIADA | Cu capul in nori,"vineri, 28 martie 2025, 22:00","Manara Blue Bucuresti, Bucure?ti",70 - 80 lei,https://livetickets-cdn.azureedge.net/itemimages/bucuresti-maneliada-cu-capul-in-nori/Background_MEDIUM.jpg?ed9c3888-f97a-4b8f-b9d8-3f2b4435957a
NEON LATINO PARTY,"vineri, 28 martie 2025, 22:00","Walls Bistro, Bra?ov",25 lei,https://livetickets-cdn.azureedge.net/itemimages/neon-latino-party/Background_MEDIUM.jpg?c80bbd08-d26e-4d7a-9568-1598c3fa91f6
Florin Cercel n premiera la Cluj ! SOA x NOA Special Event,"vineri, 28 martie 2025, 22:00","NOA Club, Cluj-Napoca",49.99 - 119.99 lei,https://livetickets-cdn.azureedge.net/itemimages/soa-x-noa-special-event-golden-artist/Background_MEDIUM.jpg?754797b9-1717-44bc-b13e-711dbbfd58bc
Le Petit ? PRINTEMPS  ? 28.03.2025 ? ROD Events by Restaurant ROD ? Cluj-Napoca,"vineri, 28 martie 2025, 22:00","Restaurant Rod, Cluj-Napoca",70 - 120 lei,https://livetickets-cdn.azureedge.net/itemimages/le-petit-printemps-28032025-rod-events-by-restaurant-rod-cluj-napoca/Background_MEDIUM.jpg?bac8d669-44cc-4f16-a6c9-9a733639a730
Medical Vs Legal - By The Lake,"vineri, 28 martie 2025, 22:00","Pescobar, Bucure?ti",40 - 50 lei,https://livetickets-cdn.azureedge.net/itemimages/medical-vs-legal-by-the-lake/Background_MEDIUM.jpg?
FACEM SHOW in Kremlin Club,"vineri, 28 martie 2025, 22:30","Club Kremlin Bacau, Bacau",30 lei,https://livetickets-cdn.azureedge.net/itemimages/facem-show-in-kremlin-club/Background_MEDIUM.jpg?7caa748a-e203-4e66-9d34-4f06a449ccd3
SUNRISE x MATTER I Cluj | 28.03.2025,"vineri, 28 martie 2025, 23:00","MATTER, Cluj-Napoca",79 lei,https://livetickets-cdn.azureedge.net/itemimages/sunrise-x-matter-i-cluj/Background_MEDIUM.jpg?17875891-81f4-4b6a-8082-fce370983b8a
MANELOGIA in Bruxelles,"vineri, 28 martie 2025, 23:00","Birdy Brussels, Bruxelles",100 - 150 lei,https://livetickets-cdn.azureedge.net/itemimages/manelogia-in-bruxelles-2/Background_MEDIUM.jpg?b46aa66b-47d9-4a13-9e97-5392a8f727ea
TEENAGE DREAM - DISNEY PARTY,"vineri, 28 martie 2025, 23:00","CRUSH JUNGLE,",0 - 40 lei,https://livetickets-cdn.azureedge.net/itemimages/teenage-dream-disney-party/Background_MEDIUM.jpg?a054e28c-a3c4-4f8a-bef7-d77cc74fe643
Afro-Love Timisoara,"vineri, 28 martie 2025, 23:00","Exit Club, Timi?oara",25 - 30 lei,https://livetickets-cdn.azureedge.net/itemimages/afro-love-timisoara/Background_MEDIUM.jpg?9276cced-9ed2-4025-a39b-5d66da1182d5
"ABC pres. DeWalta, Pentti Igor, Request Line live + more","vineri, 28 martie 2025, 23:00","FABER, Timi?oara",30 - 40 lei,https://livetickets-cdn.azureedge.net/itemimages/abc-pres-dewalta-pentti-igor-request-line-live-more/Background_MEDIUM.jpg?9bd55c9c-5b5c-4fb2-aa82-16f13f629361
"UNA NOCHE Caliente | 28 MAR @ VIVID Lounge, Iasi","vineri, 28 martie 2025, 23:00","Vivid Lounge, Ia?i",30 - 90 lei,https://livetickets-cdn.azureedge.net/itemimages/una-noche-caliente-28-mar-vivid-lounge-iasi/Background_MEDIUM.jpg?daed3468-288b-4bb1-9f3c-090ff7b42954
"Giada Brinc @ Epic Society, alongside John Trend!","vineri, 28 martie 2025, 23:00","Epic Society, Timi?oara",40 lei,https://livetickets-cdn.azureedge.net/itemimages/giada-brince-epic-society-alongside-john-trend/Background_MEDIUM.jpg?b42096ce-c02e-4837-b586-ac44effcc6e1
"Adrian Minune, Florin Salam, Nicolae Gu?a, Vali Vijelie | pentru prima data pe aceea?i scena | #Classics | Bucure?ti - Beraria H","vineri, 28 martie 2025, 23:15","Beraria H, Bucure?ti",399 - 549 lei,https://livetickets-cdn.azureedge.net/itemimages/concert-adrian-minune-florin-salam-nicolae-guta-vali-vijelie-bucuresti-2025/Background_MEDIUM.jpg?faa4401a-2f80-415c-ac73-fd93ee14ab02
DISTROTECA - 2ND ANNIVERSARY,"smbata, 29 martie 2025, 15:00","KUPA aprs-ski bar, Bra?ov",60 - 80 lei,https://livetickets-cdn.azureedge.net/itemimages/distroteca-2nd-anniversary/Background_MEDIUM.jpg?43ff6716-5e43-4149-a2cb-8b4e93b1714b
Nights of Chaos: Cyber Edition,"smbata, 29 martie 2025, 18:00","Moxy Bucharest Old Town, Bucure?ti",35 - 60 lei,https://livetickets-cdn.azureedge.net/itemimages/nights-of-chaos-cyber-edition/Background_MEDIUM.jpg?b62ab760-e282-4909-b2a0-e62447b547f4
Connect-R at Fabrica de Bere,"smbata, 29 martie 2025, 18:40","Fabrica de Bere, Cluj-Napoca",45 - 90 lei,https://livetickets-cdn.azureedge.net/itemimages/connect-r-at-fabrica-de-bere/Background_MEDIUM.jpg?b6533aaf-6117-447d-b887-673a63856867
Concert BUCOVINA | 25 de ani | Bucure?ti - Beraria H,"smbata, 29 martie 2025, 19:00","Beraria H, Bucure?ti",24.9 - 49.9 lei,https://livetickets-cdn.azureedge.net/itemimages/concert-bucovina-25ani-bucuresti-2025/Background_MEDIUM.jpg?51344429-af3d-470d-98b8-a6337c1fd4b3
30Y Live at Flying Circus | Kolozsvr,"smbata, 29 martie 2025, 20:00","Flying Circus, Cluj-Napoca",60 lei,https://livetickets-cdn.azureedge.net/itemimages/30y-live-at-flying-circus-kolozsvar/Background_MEDIUM.jpg?1b155adc-6433-49c2-a89d-5c458272756a
Lansare Album - SASSY MIMI / Soul journey,"smbata, 29 martie 2025, 20:00","?oseaua Mihai Bravu 223, Bucure?ti",30 lei,https://livetickets-cdn.azureedge.net/itemimages/lansare-album-sassy-mimi-soul-journey/Background_MEDIUM.jpg?729a865f-15af-4c77-a387-90fba391cd5e
Straini n viitor - 29 martie,"smbata, 29 martie 2025, 20:00","Strada Logofatul Tautu 68A, Bucure?ti",72 lei,https://livetickets-cdn.azureedge.net/itemimages/straini-in-viitor-29-martie/Background_MEDIUM.jpg?d9e1e807-23eb-4b2f-9840-ad434ec082e6
UMOJA X TRIBEZ AFRO PARTY,"smbata, 29 martie 2025, 20:00","Oasis Artists , Bucharest",30 - 50 lei,https://livetickets-cdn.azureedge.net/itemimages/umoja-x-tribez-afro-party/Background_MEDIUM.jpg?edac9ade-7f3b-4274-ae15-cda83f939aca
The Cuban Project - Havana Party,"smbata, 29 martie 2025, 20:00","Platinum, Bra?ov",49 lei,https://livetickets-cdn.azureedge.net/itemimages/the-cuban-project-havana-party/Background_MEDIUM.jpg?2ecbf6d4-01df-4686-89bc-b53e249073a6
Noua Ani Lumina  Electroset LEVEL 2 // 29 Martie // OLIV,"smbata, 29 martie 2025, 20:00","Oliv, Ia?i",30 - 50 lei,https://livetickets-cdn.azureedge.net/itemimages/noua-ani-lumina-electroset-level-2-29-martie-oliv/Background_MEDIUM.jpg?733f9c15-3584-427b-abe0-ceea7c00520b
"ALTERNOSFERA ""Lansare Album - Steaguri Fara Culori Cluj-Napoca","smbata, 29 martie 2025, 21:00","Form Space, Cluj-Napoca",110 - 150 lei,https://livetickets-cdn.azureedge.net/itemimages/alternosfera-lansare-album-3/Background_MEDIUM.jpg?35eeed06-8631-4d78-add1-eb07a0c20619
VEMO X LELE at club Heaven in Timisoara,"smbata, 29 martie 2025, 21:00","Heaven, Timi?oara",69.99 - 449.99 lei,https://livetickets-cdn.azureedge.net/itemimages/vemo-x-lele-at-club-heaven-in-timisoara/Background_MEDIUM.jpg?ffc67256-73c1-46ae-aa94-b79ec2b3f53a
Festa da Favela,"smbata, 29 martie 2025, 21:00","Club B52, Bucure?ti",40 - 200 lei,https://livetickets-cdn.azureedge.net/itemimages/festa-da-favela-3/Background_MEDIUM.jpg?3e695283-5992-4e78-9634-a0e9f3d90b36
TeK me back to diskoTeK,"smbata, 29 martie 2025, 21:00","?oseaua Mihai Bravu 223, Bucure?ti",30 lei,https://livetickets-cdn.azureedge.net/itemimages/tek-me-back-to-diskotek/Background_MEDIUM.jpg?01ec8913-bd0f-46d5-93f0-a6eedcfab929
Nyama w/ MuTT&Dee @ La Ponton,"smbata, 29 martie 2025, 21:00","Club Ponton, Darmane?ti",30 - 50 lei,https://livetickets-cdn.azureedge.net/itemimages/nyama-w-muttdee-la-ponton/Background_MEDIUM.jpg?dc0b85d7-fa22-4647-86be-385aa86ae39a
Periplu Sonor :: Live Electronic Music Covers & After Party,"smbata, 29 martie 2025, 21:00","Acaju Cafe, Ia?i",30 lei,https://livetickets-cdn.azureedge.net/itemimages/periplu-sonor-live-electronic-music-covers-after-party/Background_MEDIUM.jpg?cebf394b-d936-4150-a9dd-a37c533694dd
MANELOGIA in Stuttgart,"smbata, 29 martie 2025, 22:00","White Event Palast | Hochzeitssaal Stuttgart, Kirchheim unter Teck",75 - 125 lei,https://livetickets-cdn.azureedge.net/itemimages/manelogia-in-stuttgart/Background_MEDIUM.jpg?75dc1b4b-069b-44c0-a571-df0080854594
Galati: MANELIADA | Cu capul in nori,"smbata, 29 martie 2025, 22:00","Union Jack Studio, Gala?i",70 - 80 lei,https://livetickets-cdn.azureedge.net/itemimages/galati-maneliada-cu-capul-in-nori/Background_MEDIUM.jpg?f2510f10-7ee9-455a-93f5-6209247463c4
FLORIN BORA x 29 MARTIE x LIQUID THE CLUB x LIVETICKETS,"smbata, 29 martie 2025, 22:00","Liquid The Club, Sibiu",40 - 60 lei,https://livetickets-cdn.azureedge.net/itemimages/florin-bora-x-29-martie-x-liquid-the-club-x-livetickets/Background_MEDIUM.jpg?0866258e-aa41-438e-b4bc-6c02cc204e92
Bairam n Bucure?ti by Wayback,"smbata, 29 martie 2025, 22:00","Galeria SENAT, Bucure?ti",30 - 200 lei,https://livetickets-cdn.azureedge.net/itemimages/bairam-in-bucuresti-by-wayback-1/Background_MEDIUM.jpg?1602ec0f-9276-44f1-bbdd-e73e154531d9
"Granular x Forge w. SIT (Cristi Cons & Vlad Caia), Vlad Arapa?u, Dabu, Uvia, Octave","smbata, 29 martie 2025, 22:00","Forge Bucharest, Bucure?ti",35 - 50 lei,https://livetickets-cdn.azureedge.net/itemimages/granular-x-forge-w-sit-cristi-cons-vlad-caia-vlad-arapasu-dabu-uvia-octave/Background_MEDIUM.jpg?734dbab1-2f3e-4a86-8ba3-ef94f2067d83
"ANI DE LICEU - '90s, '2000s HITS ? FRATELLI TIMI?OARA","smbata, 29 martie 2025, 22:00","Fratelli Lounge&Club, Timi?oara",50 lei,https://livetickets-cdn.azureedge.net/itemimages/ani-de-liceu-90s-2000s-hits-fratelli-timisoara/Background_MEDIUM.jpg?288ce608-d5c5-40a5-bd54-70fe71555596
MEDUN x MIDNIGHTS @OXYA CLUB  MARCH 29,"smbata, 29 martie 2025, 22:00","OXYA Club, Bucure?ti",50 - 150 lei,https://livetickets-cdn.azureedge.net/itemimages/medun-x-midnights-oxya-club-march-29/Background_MEDIUM.jpg?cbee273d-aeb2-4879-ae7e-6b28fcfc9f6e
VULGAR.Night,"smbata, 29 martie 2025, 22:00","HEAVY YARD & HEAVYSHOP, Bucure?ti",30 lei,https://livetickets-cdn.azureedge.net/itemimages/vulgarnight/Background_MEDIUM.jpg?a004691a-0c52-48b2-b7b4-62300d9416fc
"ROCKOTECA PROMO PARTY @Helix Pub, Ia?i - 29 Martie","smbata, 29 martie 2025, 22:00","Helix Pub, Ia?i",20 - 60 lei,https://livetickets-cdn.azureedge.net/itemimages/rockoteca-promo-party-helix-pub-iasi-29-martie/Background_MEDIUM.jpg?7e5aaaaa-7725-4bc1-8eda-34ea1c6f6f05
CHERRY BLOSSOM PARTY by UNKNWN SOCIETY,"smbata, 29 martie 2025, 22:00","Dream Hill Hotel Boutique, Snpetru",80 - 160 lei,https://livetickets-cdn.azureedge.net/itemimages/cherry-blossom-party-by-unknwn-society/Background_MEDIUM.jpg?6d00b9e8-5f2a-41b6-8a9a-f087323262ed
AFRO SPRING VIBES,"smbata, 29 martie 2025, 22:00","Royal Class, Trgu Neam?",30 lei,https://livetickets-cdn.azureedge.net/itemimages/afro-spring-vibes-4/Background_MEDIUM.jpg?c6ae89d8-c496-414d-98e8-91970585f5df
NEVERMIND @ Fratelli Studio 2 w Du Mad & Friendz,"smbata, 29 martie 2025, 22:00","Fratelli Studios, Bucure?ti",50 lei,https://livetickets-cdn.azureedge.net/itemimages/nevermind-fratelli-studio-2-w-du-mad-friendz/Background_MEDIUM.jpg?bce1c368-e428-4e90-a3d3-d733ff2fe5a0
RO-KO | KPOP PARTY | BUCHAREST - AZERO CLUB,"smbata, 29 martie 2025, 22:00","Azero Bar& Club, Bucure?ti",30 - 210 lei,https://livetickets-cdn.azureedge.net/itemimages/ro-ko-kpop-party-bucharest-azero-club/Background_MEDIUM.jpg?fd945afa-bff2-47fc-b047-25c526b78711
HEAT PARTIES - MAYHEM,"smbata, 29 martie 2025, 23:00","MATTER, Cluj-Napoca",40 - 60 lei,https://livetickets-cdn.azureedge.net/itemimages/heat-parties-mayhem/Background_MEDIUM.jpg?75feaa51-48ef-4a8c-9c8a-42b094f7f023
"CAROUSEL PARTY @ DIVINO, Galati","smbata, 29 martie 2025, 23:00","Divino Club, Gala?i",20 - 120 lei,https://livetickets-cdn.azureedge.net/itemimages/carousel-party-divino-gatali/Background_MEDIUM.jpg?c77475de-1c65-4606-8986-6d30d0acd543
DC'S PARTY: ORIENTAL X TROPICAL,"smbata, 29 martie 2025, 23:00","NO NAME CLUB,",30 - 50 lei,https://livetickets-cdn.azureedge.net/itemimages/dcs-party-oriental-x-tropical/Background_MEDIUM.jpg?5b206f86-4c5e-429b-80d9-e353fb9de9e4
"Trails presents Harry McCanna, Noizar, Teodor Ghita, Sergiu D.","smbata, 29 martie 2025, 23:00","Nook Club, Bucure?ti",40 lei,https://livetickets-cdn.azureedge.net/itemimages/trails-presents-harry-mccanna-noizar-teodor-ghita-sergiu-d/Background_MEDIUM.jpg?5cf789d7-18c9-4fcb-9859-a777b9117749
HOUSELAND presents: indoor FESTIVAL  ( Club turns into Festival ) #Bucharest 29.03,"smbata, 29 martie 2025, 23:00","Bulevardul Dimitrie Pompeiu 5-7, Bucure?ti",35 lei,https://livetickets-cdn.azureedge.net/itemimages/houseland-presents-indoor-festival-club-turns-into-festival-bucharest-1/Background_MEDIUM.jpg?666a98fb-8708-4c25-86bd-6d63f35464d3
"GH 29.03 | Gojnea76, Ogazon","smbata, 29 martie 2025, 23:00","Club Guesthouse, Bucure?ti",40 lei,https://livetickets-cdn.azureedge.net/itemimages/gh-2903-gojnea76-ogazon/Background_MEDIUM.jpg?7cdd95bd-e9f9-4236-b18e-7e679fe1b5a4
Taraful Rutenilor ?i Carmen Chindri? cnta n Ora?ul cu Chef de Via?a,"smbata, 29 martie 2025, 23:30","Beraria H, Bucure?ti",59 - 139 lei,https://livetickets-cdn.azureedge.net/itemimages/concert-taraful-rutenilor-carmen-chindris-bucuresti-bh-2025/Background_MEDIUM.jpg?7530ddab-b25a-4931-85b9-ea048d35d9f5
Trails Afterhours - 30.03.2025 - more TBA,"duminica, 30 martie 2025, 08:00","TBA, Bucharest",30 lei,https://livetickets-cdn.azureedge.net/itemimages/trails-afterhours-30032025-more-tba/Background_MEDIUM.jpg?3ace4787-05c5-4742-9d2b-74758c358b7e
Viata de mama de la A la Z,"duminica, 30 martie 2025, 10:00","Carolia social house, Bucure?ti",81 - 90 lei,https://livetickets-cdn.azureedge.net/itemimages/viata-de-mama-de-la-a-la-z/Background_MEDIUM.jpg?7212ffab-46dc-4d84-8cb6-6a547bf2e287
Sorina Rotaru at Fabrica de Bere,"duminica, 30 martie 2025, 18:00","Fabrica de Bere, Cluj-Napoca",30 - 60 lei,https://livetickets-cdn.azureedge.net/itemimages/sorina-rotaru-at-fabrica-de-bere/Background_MEDIUM.jpg?51e34a03-949a-4c96-816c-7660de610bb5
"Spectacol ""Iluzia Unor Insule"" - Muzica 100% LIVE + Concert Duo Jazz","duminica, 30 martie 2025, 18:00","Teatrul Ion Creanga - Sala Mica, Bucure?ti",50 - 70 lei,https://livetickets-cdn.azureedge.net/itemimages/spectacol-iluzia-unor-insule-muzica-100-live-1/Background_MEDIUM.jpg?57d88c48-9c3f-4296-8b81-fd6f2ce68333
Pove?ti de familie - 30 martie,"duminica, 30 martie 2025, 20:00","Strada Logofatul Tautu 68A, Bucure?ti",72 lei,https://livetickets-cdn.azureedge.net/itemimages/povesti-de-familie-30-martie/Background_MEDIUM.jpg?4fe9f386-82ab-4341-a3de-ebd145c3149d
"Iubitule, hai sa renovam! - 30 martie","duminica, 30 martie 2025, 20:00","Strada Logofatul Tautu 68A, Bucure?ti",72 lei,https://livetickets-cdn.azureedge.net/itemimages/iubitule-hai-sa-renovam-30-martie/Background_MEDIUM.jpg?d20b6f63-1437-4779-8ad7-284b4d3b5e96
Concert DRAGONU AKA 47 | NOOK,"duminica, 30 martie 2025, 20:00","Nook Club, Bucure?ti",50 - 60 lei,https://livetickets-cdn.azureedge.net/itemimages/concert-dragonu-aka-47-nook/Background_MEDIUM.jpg?2c8d851d-46d2-4ad9-9375-ce8c224f4507
Luis Gabriel & Orchestra Diamantelor n concert // Bucure?ti - Beraria H,"duminica, 30 martie 2025, 20:45","Beraria H, Bucure?ti",59 - 149 lei,https://livetickets-cdn.azureedge.net/itemimages/concert-luis-gabriel-bucuresti-250330/Background_MEDIUM.jpg?283b8c70-5e36-4fe0-a810-95f2d8e142ff
Nani-Nani Club - Somn si parenting constient,"mar?i, 1 aprilie 2025, 18:00","MANNA MANNA, Bra?ov",150 lei,https://livetickets-cdn.azureedge.net/itemimages/nani-nani-club-somn-si-parenting-constient/Background_MEDIUM.jpg?6a657f8f-206f-42ac-b4f1-e8013ecfb722
Cum sa supravie?uie?ti unei apocalipse zombi? - 1 aprilie,"mar?i, 1 aprilie 2025, 20:00","Strada Logofatul Tautu 68A, Bucure?ti",72 lei,https://livetickets-cdn.azureedge.net/itemimages/cum-sa-supravietuiesti-unei-apocalipse-zombi-1-aprilie/Background_MEDIUM.jpg?44f3c8b6-6ebb-497d-9a24-74d4b71ab5d6
Bogdan de la Ploie?ti cnta la Beraria H,"mar?i, 1 aprilie 2025, 21:00","Beraria H, Bucure?ti",79 - 139 lei,https://livetickets-cdn.azureedge.net/itemimages/concert-bogdan-dlp-250401/Background_MEDIUM.jpg?37bc020e-ee36-4018-b09b-76e9f8efe6b5
Jocul de mine - 2 aprilie,"miercuri, 2 aprilie 2025, 20:00","Strada Logofatul Tautu 68A, Bucure?ti",72 lei,https://livetickets-cdn.azureedge.net/itemimages/jocul-de-maine-2-aprilie/Background_MEDIUM.jpg?02a21de5-a0dc-449f-865c-ecc5b520dee8
Concert Ionel Tudorache & taraf la Beraria H,"miercuri, 2 aprilie 2025, 20:30","Beraria H, Bucure?ti",24.9 - 49.9 lei,https://livetickets-cdn.azureedge.net/itemimages/concert-ionel-tudorache-bucuresti-250402/Background_MEDIUM.jpg?855fc501-23de-4a4b-ad5e-f5c96746cef2
?ase feluri de mncare dintr-o singura gaina - 3 aprilie,"joi, 3 aprilie 2025, 20:00","Strada Logofatul Tautu 68A, Bucure?ti",72 lei,https://livetickets-cdn.azureedge.net/itemimages/sase-feluri-de-mancare-dintr-o-singura-gaina-3-aprilie/Background_MEDIUM.jpg?eb2948e4-828e-4a8b-a906-715e88c11b69
Jean de la Craiova at Fabrica de Bere,"vineri, 4 aprilie 2025, 18:40","Fabrica de Bere, Cluj-Napoca",110 lei,https://livetickets-cdn.azureedge.net/itemimages/jean-de-la-craiova-at-fabrica-de-bere/Background_MEDIUM.jpg?e0cac2e3-ced2-41a3-a3d6-bd27ed8ba173
Balul Bobocilor 2025,"vineri, 4 aprilie 2025, 19:30","Manara Blue Bucuresti, Bucure?ti",50 - 70 lei,https://livetickets-cdn.azureedge.net/itemimages/balul-bobocilor-2025/Background_MEDIUM.jpg?60ae9acc-59e2-4972-8d50-e6f775321cfe
Cu moartea la doctor - 4 aprilie,"vineri, 4 aprilie 2025, 20:00","Strada Logofatul Tautu 68A,",72 lei,https://livetickets-cdn.azureedge.net/itemimages/cu-moartea-la-doctor-4-aprilie/Background_MEDIUM.jpg?c26b892a-bb01-480c-8607-cb1720146cd4
?? KRBI ERDLYBEN! ??,"vineri, 4 aprilie 2025, 21:51","Cskcscs, Cskcscs",90 lei,https://livetickets-cdn.azureedge.net/itemimages/krubi-erdelyben/Background_MEDIUM.jpg?d134e7f1-5810-44b7-a3f8-c4cb1d30944c
NOCTIS X SKANTIA X VISLA,"vineri, 4 aprilie 2025, 22:00","Gradina Alhambra, Bucure?ti",40 - 80 lei,https://livetickets-cdn.azureedge.net/itemimages/noctis-returns/Background_MEDIUM.jpg?3f320867-03ff-4e7d-937d-a19c7b2a627d
"BEYOND presents ANIRAM @ Dacardi Events, 04.04","vineri, 4 aprilie 2025, 22:00","Dacardi Events, Oradea",79 - 219 lei,https://livetickets-cdn.azureedge.net/itemimages/beyond-presents-aniram-dacardi-events-0404/Background_MEDIUM.jpg?d6e0d842-9b64-4543-9046-ddebf1c0e330
Georgiana Lobon? ?i orchestra n concert la Beraria H,"vineri, 4 aprilie 2025, 22:30","Beraria H, Bucure?ti",99 - 199 lei,https://livetickets-cdn.azureedge.net/itemimages/concert-georgiana-lobont-bucuresti-2025/Background_MEDIUM.jpg?2bc3ca87-55ec-4a4d-ba3f-096084f46c52
Made In Romania w/ Culi?a Sterp @ Studio ONE Timi?oara,"vineri, 4 aprilie 2025, 23:00","Studio One, Timi?oara",90 lei,https://livetickets-cdn.azureedge.net/itemimages/made-in-romania-w-culita-sterp-studio-one-timisoara/Background_MEDIUM.jpg?8132d2a0-dde0-4e7c-9e08-edb2cd7ac6fb
Afro-Love Sibiu,"vineri, 4 aprilie 2025, 23:00","SUMMER BREEZE LOUNGE, Sibiu",25 lei,https://livetickets-cdn.azureedge.net/itemimages/afro-love-sibiu/Background_MEDIUM.jpg?823ee404-0449-41e8-bae6-9f2b713c7b15
Money&Mindset: The Feminine Way,"smbata, 5 aprilie 2025, 10:00","Hotel Capital Plaza Bucuresti,",139 - 249 lei,https://livetickets-cdn.azureedge.net/itemimages/moneymindset-the-feminine-way/Background_MEDIUM.jpg?68261b88-4e0a-4e80-9070-68d3b8b75f77
TeO Magic Show - 5 aprilie,"smbata, 5 aprilie 2025, 11:00","Strada Logofatul Tautu 68A, Bucure?ti",54 lei,https://livetickets-cdn.azureedge.net/itemimages/teo-magic-show-5-aprilie/Background_MEDIUM.jpg?0e86f093-2084-4d4f-9b2d-824cbc8d137b
Adrian Evi Live @ ora0 Bra?ov,"smbata, 5 aprilie 2025, 18:00","ora0, Bra?ov",25 lei,https://livetickets-cdn.azureedge.net/itemimages/adrianevi-live-ora0/Background_MEDIUM.jpg?11b754e3-9409-4d2d-8ae4-004ee5d69821
The Urs at Fabrica de Bere,"smbata, 5 aprilie 2025, 18:40","Fabrica de Bere, Cluj-Napoca",25 - 50 lei,https://livetickets-cdn.azureedge.net/itemimages/the-urs-at-fabrica-de-bere/Background_MEDIUM.jpg?d59b4fff-36f8-427b-ab78-2754816d327e
Antonia cnta n Ora?ul cu Chef de Via?a pe 5 aprilie,"smbata, 5 aprilie 2025, 19:00","Beraria H, Bucure?ti",19.9 - 39.9 lei,https://livetickets-cdn.azureedge.net/itemimages/concert-antonia-bucuresti-2025/Background_MEDIUM.jpg?39eb1d47-98e7-452c-b732-fa4467b180f6
"BALUL BOBOCILOR ""A DARK MASQUARADE""","smbata, 5 aprilie 2025, 19:00","Dacardi Events, Oradea",60 - 80 lei,https://livetickets-cdn.azureedge.net/itemimages/balul-bobocilor-villain/Background_MEDIUM.jpg?f6e343f6-bb04-4092-9050-bfcdabffadd2
Superbalul Bobocilor x SunsetFiesta,"smbata, 5 aprilie 2025, 20:00","Festiv'Halle, Baldovine?ti",150 - 170 lei,https://livetickets-cdn.azureedge.net/itemimages/superbalul-bobocilor-x-sunsetfiesta/Background_MEDIUM.jpg?ad07b40f-3bf2-4b05-9918-d630b2bd6605
Funky MISFITS / live trio formula,"smbata, 5 aprilie 2025, 20:00","?oseaua Mihai Bravu 223, Bucure?ti",30 lei,https://livetickets-cdn.azureedge.net/itemimages/funky-misfits-live-trio-formula/Background_MEDIUM.jpg?5f4a9bbc-7321-46a6-bb8b-fdd319c4add0
Un spectacol dumnezeiesc - 5 aprilie,"smbata, 5 aprilie 2025, 20:00","Strada Logofatul Tautu 68A, Bucure?ti",72 lei,https://livetickets-cdn.azureedge.net/itemimages/un-spectacol-dumnezeiesc-5-aprilie/Background_MEDIUM.jpg?b77668a0-e61e-4f57-887b-cd2a24e6e583
NASSAU - Sibiu Takeover,"smbata, 5 aprilie 2025, 20:00","Love Bar, Sibiu",20 lei,https://livetickets-cdn.azureedge.net/itemimages/nassau-sibiu-takeover/Background_MEDIUM.jpg?3e6e4d42-f296-4b0e-9262-1c46ef22602f
"ANI DE LICEU ? Restaurant PESCARU?, Bucure?ti","smbata, 5 aprilie 2025, 20:00","Restaurant Pescaru?, Bucure?ti",50 - 60 lei,https://livetickets-cdn.azureedge.net/itemimages/ani-de-liceu-restaurant-pescarus/Background_MEDIUM.jpg?4d736783-6881-464a-827f-7070d340c873
ELROW BUCHAREST,"smbata, 5 aprilie 2025, 21:00","Laminor Arena, Bucure?ti",150.49 - 453.49 lei,https://livetickets-cdn.azureedge.net/itemimages/elrow-bucharest-kaos-garden/Background_MEDIUM.jpg?cae1ea42-1a19-42e0-bdf6-462b716ee8f1
Londra: MANELIADA | Cu capul in nori,"smbata, 5 aprilie 2025, 21:00","229 London, Greater London",115 - 170 lei,https://livetickets-cdn.azureedge.net/itemimages/londra-maneliada-cu-capul-in-nori/Background_MEDIUM.jpg?82a8bdc0-576b-435a-811b-c0d589eeea45
Pepe & Band live la Riviera Park pe 5 aprilie,"smbata, 5 aprilie 2025, 21:45","Riviera Park, Bucure?ti",59 - 119 lei,https://livetickets-cdn.azureedge.net/itemimages/concert-pepe-bucuresti-2025-1/Background_MEDIUM.jpg?4eebaf73-b0dc-4ee8-8d71-d05e2c6a9686
LEO DE LA KUWEIT x 5 APRILIE x LIQUID THE CLUB x LiveTickets,"smbata, 5 aprilie 2025, 22:00","Liquid The Club, Sibiu",60 - 100 lei,https://livetickets-cdn.azureedge.net/itemimages/leo-de-la-kuweit-x-5-aprilie-x-liquid-the-club-x-livetickets/Background_MEDIUM.jpg?20eb80d3-e2d1-4213-bcad-c653f0f93b87
Arrabia - Bucure?ti,"smbata, 5 aprilie 2025, 22:00","ONE Club, Bucure?ti",60 - 70 lei,https://livetickets-cdn.azureedge.net/itemimages/first-party-after-ramadan/Background_MEDIUM.jpg?30dacb0d-d0c3-44ea-90d0-3f31df07481e
UNUM /MIHIGH,"smbata, 5 aprilie 2025, 22:00","Aftar Hours by Aftar Stube, Bra?ov",35 lei,https://livetickets-cdn.azureedge.net/itemimages/unum-mihigh/Background_MEDIUM.jpg?86392aa0-caeb-413d-81d7-c598b82aaa92
"F**K IT! I LIED, ITS RUM&BASS 360 edition 3","smbata, 5 aprilie 2025, 22:00","Underground Pub, Ia?i",30 lei,https://livetickets-cdn.azureedge.net/itemimages/fk-it-i-lied-its-rumbass-360-edition-3/Background_MEDIUM.jpg?a915e161-c5ac-4332-b6e0-becde2d8a624
InCrowd w. NUSHA x Music meets Tech,"smbata, 5 aprilie 2025, 23:00","Regional Business Center, Timi?oara",53 - 1500 lei,https://livetickets-cdn.azureedge.net/itemimages/incrowd-w-nusha-x-music-meets-tech/Background_MEDIUM.jpg?ea5939ce-63db-413d-9c42-ae0785824118
3 ANI DE PARTY TV  TZANCA URAGANU  PARTY TV CHANNEL ??,"smbata, 5 aprilie 2025, 23:00","Divino Club, Gala?i",100 lei,https://livetickets-cdn.azureedge.net/itemimages/3-ani-de-party-tv-tzanca-uraganu-party-tv-channel/Background_MEDIUM.jpg?3f004d6f-012e-45ca-afad-892c5bab8488
Primavara Manelelor-Constanta,"smbata, 5 aprilie 2025, 23:00","Momo Club, Constan?a",60 - 80 lei,https://livetickets-cdn.azureedge.net/itemimages/primavara-manelelor-constanta/Background_MEDIUM.jpg?53379760-9199-4ffc-946c-de3dd08fbe9f
Pranz n livada - Packedinflavour,"duminica, 6 aprilie 2025, 14:00","Periam, Periam",350 lei,https://livetickets-cdn.azureedge.net/itemimages/pranz-in-livada-pomilor-fructiferi/Background_MEDIUM.jpg?6fbc66bb-d89f-4333-bdd5-c94a9374f868
Seara argentiniana at Fabrica de Bere,"duminica, 6 aprilie 2025, 18:00","Fabrica de Bere, Cluj-Napoca",25 - 50 lei,https://livetickets-cdn.azureedge.net/itemimages/seara-argentiniana-at-fabrica-de-bere/Background_MEDIUM.jpg?e6c94e0f-966e-469c-b61b-6e70a3e834e7
"ALTERNOSFERA "" Steaguri Fara Culori"" Bucuresti","duminica, 6 aprilie 2025, 19:00","Quantic Pub, Bucure?ti",140 lei,https://livetickets-cdn.azureedge.net/itemimages/alternosfera-steaguri-fara-culori-bucuresti/Background_MEDIUM.jpg?d4854271-760d-40fc-81de-c45d8b95d017
Hai sa facem sex - 6 aprilie,"duminica, 6 aprilie 2025, 20:00","Strada Logofatul Tautu 68A, Bucure?ti",72 lei,https://livetickets-cdn.azureedge.net/itemimages/hai-sa-facem-sex-6-aprilie/Background_MEDIUM.jpg?7f2421cd-2f83-4974-9ce0-be8a97e155e6
A.I.: Cnd un robot scrie o piesa de teatru - 8 aprilie,"mar?i, 8 aprilie 2025, 20:00","Strada Logofatul Tautu 68A, Bucure?ti",72 lei,https://livetickets-cdn.azureedge.net/itemimages/ai-cand-un-robot-scrie-o-piesa-de-teatru-8-aprilie/Background_MEDIUM.jpg?ff45256f-d961-4a53-96d2-74e311a55309
Paulina LIVE @ Beraria H // 8 Aprilie,"mar?i, 8 aprilie 2025, 21:00","Beraria H, Bucure?ti",79 lei,https://livetickets-cdn.azureedge.net/itemimages/concert-paulina-bucuresti-2025/Background_MEDIUM.jpg?612f20f8-9bfe-4529-a9d2-21571ac30ebc
Deziubire - 9 aprilie,"miercuri, 9 aprilie 2025, 20:00","Strada Logofatul Tautu 68A,",72 lei,https://livetickets-cdn.azureedge.net/itemimages/deziubire-9-aprilie/Background_MEDIUM.jpg?8f184eb1-c019-42c8-abb0-8df88f2e646a
BOSQUITO n concert // Bucure?ti - Beraria H,"miercuri, 9 aprilie 2025, 20:15","Beraria H, Bucure?ti",49 - 99 lei,https://livetickets-cdn.azureedge.net/itemimages/concert-bosquito-bucuresti-2025/Background_MEDIUM.jpg?6a3d2a85-ee7f-4ba8-95cf-e99d21c586e9
FARA ZAHAR - JOI at EUPHORIA MUSIC HALL,"joi, 10 aprilie 2025, 19:00","Euphoria Music Hall, Cluj-Napoca",60 - 80 lei,https://livetickets-cdn.azureedge.net/itemimages/fara-zahar-joi-at-euphoria-music-hall/Background_MEDIUM.jpg?44d7736a-f065-48a9-97ad-122e76e4c41a
Straini n viitor - 10 aprilie,"joi, 10 aprilie 2025, 20:00","Strada Logofatul Tautu 68A, Bucure?ti",72 lei,https://livetickets-cdn.azureedge.net/itemimages/straini-in-viitor-10-aprilie/Background_MEDIUM.jpg?4f50f5b5-d7a6-454f-a000-a2c56f82a152
Balul Bobocilor UNIVNT,"joi, 10 aprilie 2025, 21:00","Azero, Bucure?ti",40 lei,https://livetickets-cdn.azureedge.net/itemimages/balul-bobocilor-univnt-1/Background_MEDIUM.jpg?7b55ef37-4e0c-4456-8abd-568f88d2afdc
Rhystic presents Kurory x Gabet,"joi, 10 aprilie 2025, 22:00","MATTER, Cluj-Napoca",30 lei,https://livetickets-cdn.azureedge.net/itemimages/rhystic-presents-kurory-x-gabet/Background_MEDIUM.jpg?bfb944bd-a318-42f9-855f-e74cf5cd1649
MGK666 Timisoara 2025,"vineri, 11 aprilie 2025, 18:00","Heaven, Timi?oara",50 - 100 lei,https://livetickets-cdn.azureedge.net/itemimages/mgk666-timisoara-2025/Background_MEDIUM.jpg?7a114bbb-3e26-4e9d-9be7-743571b2be7c
Taraf de Caliu at Fabrica de Bere,"vineri, 11 aprilie 2025, 18:40","Fabrica de Bere, Cluj-Napoca",25 - 50 lei,https://livetickets-cdn.azureedge.net/itemimages/taraf-de-caliu-at-fabrica-de-bere-1/Background_MEDIUM.jpg?5c50c85e-1752-48e1-bea8-350e7ca6b709
Bedouin | Butch x Toman | Carlita | Raresh x Arapu | Vizan,"vineri, 11 aprilie 2025, 20:00","ROMAERO S.A., Bucure?ti",80 - 250 lei,https://livetickets-cdn.azureedge.net/itemimages/bedouin-butch-x-toman-carlita-raresh-x-arapu-vizan/Background_MEDIUM.jpg?5895574a-62de-4a8a-9f98-a15534e4b98c
"Iubitule, hai sa renovam! - 11 aprilie","vineri, 11 aprilie 2025, 20:00","Strada Logofatul Tautu 68A, Bucure?ti",72 lei,https://livetickets-cdn.azureedge.net/itemimages/iubitule-hai-sa-renovam-11-aprilie/Background_MEDIUM.jpg?ebdf1935-0b60-4af7-ac19-5d546f93ea4c
Diana Matei & Taraful Cleante cnta la Riviera Park,"vineri, 11 aprilie 2025, 21:30","Riviera Park, Bucure?ti",59 - 129 lei,https://livetickets-cdn.azureedge.net/itemimages/concert-diana-matei-taraful-cleante-bucuresti-250411/Background_MEDIUM.jpg?cddca435-e3f8-404f-90ec-5ecc6ca1a0cb
Cyclic x Margo present CLAPTONE,"vineri, 11 aprilie 2025, 22:00","Bucharest, Bucharest",88 - 148 lei,https://livetickets-cdn.azureedge.net/itemimages/cyclic-x-margo-present-claptone/Background_MEDIUM.jpg?b5300059-bfbc-4075-94bf-466de985ec43
SINCITY presents MAHONY #3,"vineri, 11 aprilie 2025, 22:00","Ecvestria: Events & Accommodation, ?elimbar",80 - 125 lei,https://livetickets-cdn.azureedge.net/itemimages/sincity-3/Background_MEDIUM.jpg?7119d067-b7da-452d-98ca-8ddd050fa36e
Sibiu: Maneliada | Cu capul in nori,"vineri, 11 aprilie 2025, 22:00","Liquid The Club, Sibiu",70 lei,https://livetickets-cdn.azureedge.net/itemimages/sibiu-maneliada-cu-capul-in-nori-1/Background_MEDIUM.jpg?e9a3baac-6c75-44df-8652-50f0fb5d327b
Manelomania - Trgu Mure?,"vineri, 11 aprilie 2025, 22:00","Little Club & Lounge, Trgu Mure?",30 - 40 lei,https://livetickets-cdn.azureedge.net/itemimages/manelomania-targu-mures/Background_MEDIUM.jpg?b6579913-076b-4b40-bcb9-704d15ec098b
VibEvents - Florin Salam vine la Oradea,"vineri, 11 aprilie 2025, 22:00","Queen Mary, Restaurant & Ballroom, Oradea",200 - 250 lei,https://livetickets-cdn.azureedge.net/itemimages/vibevents-florin-salam-vine-la-oradea/Background_MEDIUM.jpg?e80dde5b-9f06-4469-a3ec-3bdaf2f982fb
EUPHORIS:STUDENTS TAKEOVER,"vineri, 11 aprilie 2025, 22:00","Club Mono, Bucure?ti",30 - 90 lei,https://livetickets-cdn.azureedge.net/itemimages/euphorisstudents-takeover/Background_MEDIUM.jpg?705d6252-3042-403c-8dd7-0781d5ab77c9
Adi de la Vlcea I #Aniversar40 | Invita?i Speciali,"vineri, 11 aprilie 2025, 22:45","Beraria H, Bucure?ti",79 - 199 lei,https://livetickets-cdn.azureedge.net/itemimages/concert-adi-valcea-a40-bucuresti-2025/Background_MEDIUM.jpg?1599db18-9c7a-4378-8795-a40cd8befb51
Hive meets Nether,"vineri, 11 aprilie 2025, 23:00","Nether Club, Bucure?ti",30 lei,https://livetickets-cdn.azureedge.net/itemimages/hive-meets-nether/Background_MEDIUM.jpg?8ab688e1-8d7a-48df-8b1e-97bd7162c355
DANI MOCANU?TONY ONE?COSTEL BIJU,"vineri, 11 aprilie 2025, 23:00","Heaven, Timi?oara",50 - 120 lei,https://livetickets-cdn.azureedge.net/itemimages/dani-mocanutony-onecostel-biju/Background_MEDIUM.jpg?e4e352b2-3b7a-4e71-bf07-cbfc3f971d37
ON THE BLOCK 11.04.2025 @MATTER CLUB,"vineri, 11 aprilie 2025, 23:00","MATTER, Cluj-Napoca",40 - 55 lei,https://livetickets-cdn.azureedge.net/itemimages/on-the-block-11042025-matter-club/Background_MEDIUM.jpg?a9b96f57-1911-4976-941c-b1dfc5e036f8
LIVA K at Fratelli Timi?oara,"vineri, 11 aprilie 2025, 23:00","Fratelli Lounge&Club, Timi?oara",80 - 200 lei,https://livetickets-cdn.azureedge.net/itemimages/liva-k-at-fratelli-timisoara/Background_MEDIUM.jpg?55eaef8c-0e92-4ed0-902b-86f7060a5d9f
Popcorn Vibes,"vineri, 11 aprilie 2025, 23:00","Crush Jungle, Craiova",20 - 40 lei,https://livetickets-cdn.azureedge.net/itemimages/popcorn-vibes/Background_MEDIUM.jpg?72455b04-badb-45ff-8ec8-bc97c51b6f04
Motanul ?i unicornul - 12 aprilie,"smbata, 12 aprilie 2025, 11:00","Strada Logofatul Tautu 68A, Bucure?ti",54 lei,https://livetickets-cdn.azureedge.net/itemimages/motanul-si-unicornul-12-aprilie/Background_MEDIUM.jpg?62553ee2-72f4-4998-956e-1b6372305c5f
? Spontan Timi?oara 7th Anniversary ?,"smbata, 12 aprilie 2025, 17:00","Timi?oara, Timi?oara",99 - 149 lei,https://livetickets-cdn.azureedge.net/itemimages/spontan-timisoara-7th-anniversary/Background_MEDIUM.jpg?e596b928-1f18-435a-8110-b73df19f1aa7
Wings & Waves,"smbata, 12 aprilie 2025, 17:00","Butterfly Garden, Braila",50 lei,https://livetickets-cdn.azureedge.net/itemimages/wings-waves/Background_MEDIUM.jpg?9a0dc597-3041-408d-956c-1d2c353280df
Gelu Voicu ?i Lautarii din Teleorman vin la Beraria H pe 12 aprilie,"smbata, 12 aprilie 2025, 19:00","Beraria H, Bucure?ti",79 lei,https://livetickets-cdn.azureedge.net/itemimages/concert-gelu-voicu-bucuresti-2025/Background_MEDIUM.jpg?298ac968-9fd6-4bdf-9531-2bcf94278f71
Supercharged,"smbata, 12 aprilie 2025, 19:00","Laminor Arena, Bucure?ti",70 - 150 lei,https://livetickets-cdn.azureedge.net/itemimages/supercharged/Background_MEDIUM.jpg?24b5f915-9de2-4735-a626-b5b95256a34f
"PRIV EVENTS | at BELVEDERE EVENTS, BRASOV","smbata, 12 aprilie 2025, 19:00","Belvedere Events, Bra?ov",85 lei,https://livetickets-cdn.azureedge.net/itemimages/prive-events-at-belvedere-events-brasov/Background_MEDIUM.jpg?4dfdcbf1-1d16-40bb-9b6e-1ab1006a67e8
Tavanul de sticla - 12 aprilie,"smbata, 12 aprilie 2025, 20:00","Strada Logofatul Tautu 68A, Bucure?ti",72 lei,https://livetickets-cdn.azureedge.net/itemimages/tavanul-de-sticla-12-aprilie/Background_MEDIUM.jpg?e56575eb-d1b7-4093-b3c1-b2439730021b
"Lansare Album ""BMC - RAW ALERT""","smbata, 12 aprilie 2025, 20:00","Forge Bucharest, Bucure?ti",50 lei,https://livetickets-cdn.azureedge.net/itemimages/lansare-album-bmc-raw-alert/Background_MEDIUM.jpg?cca36f01-e1c5-4a25-ac1f-813744746c5e
0 2 100 @ Maison64,"smbata, 12 aprilie 2025, 20:00","Maison 64, Bucure?ti",60 lei,https://livetickets-cdn.azureedge.net/itemimages/0-2-100-maison64/Background_MEDIUM.jpg?f2109fd4-a7ad-4d24-8a5b-b7e95d7b4323
HIVE presents CLAPTONE @ Arena Antonio Alexe | 12.04,"smbata, 12 aprilie 2025, 22:00","Arena Antonio Alexe, Oradea",79 - 299 lei,https://livetickets-cdn.azureedge.net/itemimages/hive-presents-claptone-arena-antonio-alexe-1204/Background_MEDIUM.jpg?8e0ae6ed-0049-4130-8912-556133ad5b08
"PROSPA, April 12th","smbata, 12 aprilie 2025, 22:00","Bucharest, Bucharest",100 lei,https://livetickets-cdn.azureedge.net/itemimages/prospa-april-12th/Background_MEDIUM.jpg?90050eee-cf92-472b-9f91-101afe7de3f6
BLISS @ Fratelli: The Matrix,"smbata, 12 aprilie 2025, 22:00","Fratelli Studio 1, Bucure?ti",100 - 2500 lei,https://livetickets-cdn.azureedge.net/itemimages/bliss-fratelli-the-matrix/Background_MEDIUM.jpg?2af5d824-d8b6-40a5-b04a-9ad053eccdc2
Le Cort presents: Theo Rose,"smbata, 12 aprilie 2025, 22:00","Calea Prutului 56, Gala?i",90 - 110 lei,https://livetickets-cdn.azureedge.net/itemimages/le-cort-present-theo-rose/Background_MEDIUM.jpg?ee121c38-bc7c-4110-b424-77d92864c455
Arrabia - Sibiu,"smbata, 12 aprilie 2025, 22:00","Liquid The Club, Sibiu",60 lei,https://livetickets-cdn.azureedge.net/itemimages/arrabia-sibiu/Background_MEDIUM.jpg?a3219c45-edd8-4f01-b809-6bc115f59a8b
Bogdan DLP la Timi?oara ! SOA x Heaven,"smbata, 12 aprilie 2025, 22:00","Heaven, Timi?oara",49.99 - 69.99 lei,https://livetickets-cdn.azureedge.net/itemimages/bogdan-dlp-la-timisoara-soa-x-heaven/Background_MEDIUM.jpg?5472f566-bca3-4b16-b6be-af29f1827bea
Brasov: MANELIADA | Cu capul in nori,"smbata, 12 aprilie 2025, 22:00","Marabou Resort, Timi?u de Jos",80 lei,https://livetickets-cdn.azureedge.net/itemimages/brasov-maneliada-cu-capul-in-nori/Background_MEDIUM.jpg?cd640c0f-37ea-4a82-83ae-95694c90543a
CAMPUSFEST - MATRIX EDITION,"smbata, 12 aprilie 2025, 22:00","#altfel Timisoara, Timi?oara",20 lei,https://livetickets-cdn.azureedge.net/itemimages/campusfest-matrix-edition/Background_MEDIUM.jpg?b6ae4ec7-ceba-4927-a093-c2c26b2e4b03
Florile Tale,"smbata, 12 aprilie 2025, 22:00","The House of the Free Press, Bucure?ti",100 lei,https://livetickets-cdn.azureedge.net/itemimages/florile-tale-2/Background_MEDIUM.jpg?e428f2b5-e30d-4c04-abec-157e366166d0
BAD DREAMS / Divino Galati,"smbata, 12 aprilie 2025, 23:00","Divino Lounge&Bar, Gala?i",40 - 150 lei,https://livetickets-cdn.azureedge.net/itemimages/bad-dreams-divino-galati/Background_MEDIUM.jpg?8f32b3e5-faf3-47c4-bf14-a3dde4450ac7
Jean de la Craiova & Band n concert la Beraria H,"smbata, 12 aprilie 2025, 23:15","Beraria H, Bucure?ti",49.9 - 99.9 lei,https://livetickets-cdn.azureedge.net/itemimages/concert-jean-craiova-bucuresti-bh-2025/Background_MEDIUM.jpg?6934361d-e653-43fc-bab6-2dcc1bf310ce
"Vali ""SirBlues"" Racila & Raul Kusak at Fabrica de Bere","duminica, 13 aprilie 2025, 18:00","Fabrica de Bere, Cluj-Napoca",25 - 80 lei,https://livetickets-cdn.azureedge.net/itemimages/vali-sirblues-racila-raul-kusak-at-fabrica-de-bere/Background_MEDIUM.jpg?b922f308-f145-4515-8ecc-b0aa4c6fcdda
?edin?a cu parin?ii - 13 aprilie,"duminica, 13 aprilie 2025, 20:00","Strada Logofatul Tautu 68A, Bucure?ti",72 lei,https://livetickets-cdn.azureedge.net/itemimages/sedinta-cu-parintii-13-aprilie/Background_MEDIUM.jpg?049aee91-5c4b-4e50-aead-c730d9d9dee2
Billboard - 15 aprilie,"mar?i, 15 aprilie 2025, 20:00","Strada Logofatul Tautu 68A, Bucure?ti",72 lei,https://livetickets-cdn.azureedge.net/itemimages/billboard-15-aprilie/Background_MEDIUM.jpg?5e30ff21-b9bd-4916-9f70-0109ba80e4b4
Omul cu ?obolani n concert la Beraria H  pe 15 aprilie,"mar?i, 15 aprilie 2025, 20:45","Beraria H, Bucure?ti",40 lei,https://livetickets-cdn.azureedge.net/itemimages/omul-cu-sobolani-concert-bucuresti-ocs-2025/Background_MEDIUM.jpg?f960b808-4b85-4167-a18e-a5b93b32d78f
"Daca te na?ti ntr-o luni, vei muri ntr-o vineri - 16 aprilie","miercuri, 16 aprilie 2025, 20:00","Strada Logofatul Tautu 68A, Bucure?ti",72 lei,https://livetickets-cdn.azureedge.net/itemimages/daca-te-nasti-intr-o-luni-vei-muri-intr-o-vineri-16-aprilie/Background_MEDIUM.jpg?1e56172f-4eed-4c37-9adc-49ad9058c797
Adele Tribute Concert by Skyfall (Italia),"miercuri, 16 aprilie 2025, 20:30","Beraria H, Bucure?ti",69 lei,https://livetickets-cdn.azureedge.net/itemimages/adele-tribute-concert-2025/Background_MEDIUM.jpg?70d92b4e-8dbb-451e-ad17-886f9483fe66
O zi din via?a unui politician fericit - 17 aprilie,"joi, 17 aprilie 2025, 20:00","Strada Logofatul Tautu 68A, Bucure?ti",72 lei,https://livetickets-cdn.azureedge.net/itemimages/o-zi-din-viata-unui-politician-fericit-17-aprilie/Background_MEDIUM.jpg?6052ad3e-b946-42ea-b263-9aded649a333
Alberto grasu Arad/ Timi?oara,"vineri, 18 aprilie 2025, 19:00","Club Exit Timi?oara/Club 4U Arad,",40 lei,https://livetickets-cdn.azureedge.net/itemimages/alberto-grasu-arad-timisoara/Background_MEDIUM.jpg?3c48cefd-9f25-4989-a86c-d7cc65cc3612
Straini n viitor - 18 aprilie,"vineri, 18 aprilie 2025, 20:00","Strada Logofatul Tautu 68A, Bucure?ti",72 lei,https://livetickets-cdn.azureedge.net/itemimages/straini-in-viitor-18-aprilie/Background_MEDIUM.jpg?cfca3fbb-075a-406d-bd12-9a7653ab262a
StreetVibe - Lele,"vineri, 18 aprilie 2025, 20:00","Hotel Crystal Palace, Rmnicu Vlcea",100 - 400 lei,https://livetickets-cdn.azureedge.net/itemimages/streetvibe-lele/Background_MEDIUM.jpg?dc7384eb-8b72-4005-8534-3b4d77111340
Generic ?i Dan Ciotoi I concert n Ora?ul cu Chef de Via?a,"vineri, 18 aprilie 2025, 21:15","Beraria H, Bucure?ti",24.9 - 49.9 lei,https://livetickets-cdn.azureedge.net/itemimages/concert-dan-ciotoi-generic-bucuresti-bh-2025/Background_MEDIUM.jpg?735f43ad-4746-4b1b-bdcc-6bf5b80c2432
Noua Unspe  @Goblin Constanta,"vineri, 18 aprilie 2025, 22:00","Goblin Constanta, Constan?a",60 - 100 lei,https://livetickets-cdn.azureedge.net/itemimages/noua-unspe-nebula-party/Background_MEDIUM.jpg?e8337515-75ec-479d-bf9c-76650d2d81c3
Arrabia - Ia?i,"vineri, 18 aprilie 2025, 22:30","Fratelli Ristorante Iasi, Ia?i",60 lei,https://livetickets-cdn.azureedge.net/itemimages/arrabia-iasi/Background_MEDIUM.jpg?0ce61a8c-b83a-4f81-ab7c-1263148cfc75
GRIME Settings #2: FLOWDAN,"vineri, 18 aprilie 2025, 23:00","Club Guesthouse, Bucure?ti",50 - 70 lei,https://livetickets-cdn.azureedge.net/itemimages/grime-settings-2-uk-headliner-tba/Background_MEDIUM.jpg?2b7fa612-4251-4e60-b501-158713b9c1d8
Despre ngeri ?i pasarici - 19 aprilie,"smbata, 19 aprilie 2025, 20:00","Strada Logofatul Tautu 68A, Bucure?ti",72 lei,https://livetickets-cdn.azureedge.net/itemimages/despre-ingeri-si-pasarici-19-aprilie/Background_MEDIUM.jpg?12ab9fe2-7b48-470b-b7a6-a1352072d4e9
Easter Blossom,"duminica, 20 aprilie 2025, 22:00","Casa Aki, Topoli?a",40 - 150 lei,https://livetickets-cdn.azureedge.net/itemimages/easter-blossom/Background_MEDIUM.jpg?fc51192a-50da-440e-8f16-8be84bed1192
Bunny Eggsperiment,"mar?i, 22 aprilie 2025, 19:00","Cabana Aki, Topoli?a",40 - 170 lei,https://livetickets-cdn.azureedge.net/itemimages/bunny-eggsperiment/Background_MEDIUM.jpg?32bdea64-20dd-40b6-981c-5d145c5a81f2
Trei surori n Atena - 23 aprilie,"miercuri, 23 aprilie 2025, 20:00","Strada Logofat Tautu 68A, Sector 3,",72 lei,https://livetickets-cdn.azureedge.net/itemimages/trei-surori-in-atena-23-aprilie/Background_MEDIUM.jpg?0c279f21-04e2-4f38-869e-365424e04f93
Concert Taxi | Bucure?ti - Beraria H,"miercuri, 23 aprilie 2025, 20:30","Beraria H, Bucure?ti",24.9 - 49.9 lei,https://livetickets-cdn.azureedge.net/itemimages/concert-taxi-bucuresti-2025/Background_MEDIUM.jpg?5c1fd74f-7207-489f-80cc-99d03aa73edc
Deziubire - 24 aprilie,"joi, 24 aprilie 2025, 20:00","Strada Logofatul Tautu 68A, Bucure?ti",72 lei,https://livetickets-cdn.azureedge.net/itemimages/deziubire-24-aprilie/Background_MEDIUM.jpg?488e507a-d748-4f7a-9491-47117d2fd992
Vunk at Fabrica de Bere,"vineri, 25 aprilie 2025, 18:40","Fabrica de Bere, Cluj-Napoca",45 - 90 lei,https://livetickets-cdn.azureedge.net/itemimages/vunk-at-fabrica-de-bere/Background_MEDIUM.jpg?8b1be5d7-4647-4bc6-b79a-7a729a5395dc
SAMI G X GYO GEE X SPRING FESTIVAL,"vineri, 25 aprilie 2025, 19:00","The Nest, Jimbolia",85 - 95 lei,https://livetickets-cdn.azureedge.net/itemimages/spring-festival/Background_MEDIUM.jpg?a957ab89-8e22-4d7c-8b25-d96da7da64f1
PSIHOTROP la AftarHours,"vineri, 25 aprilie 2025, 20:00","Aftar Hours by Aftar Stube, Bra?ov",40 lei,https://livetickets-cdn.azureedge.net/itemimages/psihotrop-la-aftarhours/Background_MEDIUM.jpg?0e68da75-1d9b-4b5e-8c07-e931343dc3be
"Iubitule, hai sa renovam! - 25 aprilie","vineri, 25 aprilie 2025, 20:00","Strada Logofatul Tautu 68A, Bucure?ti",72 lei,https://livetickets-cdn.azureedge.net/itemimages/iubitule-hai-sa-renovam-25-aprilie/Background_MEDIUM.jpg?ca88368b-794f-4ef1-99c4-1e65fc703235
Oradea: MANELIADA | Cu capul in nori,"vineri, 25 aprilie 2025, 22:00","Casa Tineretului, Oradea",80 - 200 lei,https://livetickets-cdn.azureedge.net/itemimages/oradea-maneliada-cu-capul-in-nori/Background_MEDIUM.jpg?d80780a6-5ccb-4c89-9cc5-9bbf9f63ea71
Crina ?i papu?ile vorbitoare - 26 aprilie,"smbata, 26 aprilie 2025, 11:00","Strada Logofatul Tautu 68A, Bucure?ti",54 lei,https://livetickets-cdn.azureedge.net/itemimages/crina-si-papusile-vorbitoare-26-aprilie/Background_MEDIUM.jpg?9f116397-ff9b-484d-917c-50c1ad82911b
Minodora at Euphoria Music Hall,"smbata, 26 aprilie 2025, 18:40","Euphoria Music Hall, Cluj-Napoca",25 - 50 lei,https://livetickets-cdn.azureedge.net/itemimages/minodora-at-euphoria-music-hall/Background_MEDIUM.jpg?b7db337c-b207-455e-9dfc-bd315929958f
Irina Rimes n concert la Beraria H,"smbata, 26 aprilie 2025, 19:00","Beraria H, Bucure?ti",49 - 149 lei,https://livetickets-cdn.azureedge.net/itemimages/concert-irina-rimes-bucuresti-2025/Background_MEDIUM.jpg?155e060b-2fe7-4405-b6fc-962860fc268c
Un spectacol dumnezeiesc - 26 aprilie,"smbata, 26 aprilie 2025, 20:00","Strada Logofatul Tautu 68A, Bucure?ti",72 lei,https://livetickets-cdn.azureedge.net/itemimages/un-spectacol-dumnezeiesc-26-aprilie/Background_MEDIUM.jpg?e857dd15-ac14-420f-af33-4a92662199ff
ONE AFRO FEST/SKALES LIVE IN BUCHAREST,"smbata, 26 aprilie 2025, 20:00","Imperial Ballrooms, Bucure?ti",150 - 250 lei,https://livetickets-cdn.azureedge.net/itemimages/one-afro-festskales-live-in-bucharest/Background_MEDIUM.jpg?c3627516-3af5-41a4-bc34-ec27d97ec1a4
Backyard X: Grand Opening,"smbata, 26 aprilie 2025, 21:45","The Home of Backyard, Oras Cisnadie",70 - 90 lei,https://livetickets-cdn.azureedge.net/itemimages/backyard-x-grand-opening-1/Background_MEDIUM.jpg?2c73175f-81f7-4107-9067-a2470db85042
RAVA PITE?TI,"smbata, 26 aprilie 2025, 23:00","Pite?ti, Pite?ti",83 - 110 lei,https://livetickets-cdn.azureedge.net/itemimages/rava-pitesti/Background_MEDIUM.jpg?d9d73f06-b339-42c4-809c-6747c6d91ab8
Adrian Minune ?i forma?ia cnta n Ora?ul cu Chef de Via?a,"smbata, 26 aprilie 2025, 23:15","Beraria H, Bucure?ti",79 - 199 lei,https://livetickets-cdn.azureedge.net/itemimages/concert-adrian-minune-bucuresti-250426/Background_MEDIUM.jpg?4dc06cc1-d6ff-45fb-b111-0250362707ee
Luiza Zan at Fabrica de Bere,"duminica, 27 aprilie 2025, 18:00","Fabrica de Bere, Cluj-Napoca",40 - 80 lei,https://livetickets-cdn.azureedge.net/itemimages/luiza-zan-at-fabrica-de-bere/Background_MEDIUM.jpg?9e677bf2-ccec-47d0-a66f-fe54b5bb8b2f
?edin?a cu parin?ii - 27 aprilie,"duminica, 27 aprilie 2025, 20:00","Strada Logofatul Tautu 68A, Bucure?ti",72 lei,https://livetickets-cdn.azureedge.net/itemimages/sedinta-cu-parintii-27-aprilie/Background_MEDIUM.jpg?aff61cd9-7b98-46ce-90be-4108f8f2ec43
Pove?ti de familie - 29 aprilie,"mar?i, 29 aprilie 2025, 20:00","Strada Logofatul Tautu 68A, Bucure?ti",72 lei,https://livetickets-cdn.azureedge.net/itemimages/povesti-de-familie-29-aprilie/Background_MEDIUM.jpg?0224ad22-f3cf-4c4d-9144-417789ba373b
O zi din via?a unui politician fericit - 30 aprilie,"miercuri, 30 aprilie 2025, 20:00","Strada Logofatul Tautu 68A, Bucure?ti",72 lei,https://livetickets-cdn.azureedge.net/itemimages/o-zi-din-viata-unui-politician-fericit-30-aprilie/Background_MEDIUM.jpg?27ec17e8-bec8-4c1e-9f45-5d2e1ea91c34
Nelu Vlad ?i Forma?ia Azur n concert | Bucure?ti - Beraria H,"miercuri, 30 aprilie 2025, 21:45","Beraria H, Bucure?ti",29.9 - 59.9 lei,https://livetickets-cdn.azureedge.net/itemimages/concert-nelu-vlad-azur-bucuresti-2025/Background_MEDIUM.jpg?47a42150-d347-4a9b-ba09-2177aaeb5a03
Deysa on Boat / Danubes Boat,"joi, 1 mai 2025, 13:00","Tulcea, Tulcea",368 - 10500 lei,https://livetickets-cdn.azureedge.net/itemimages/deysa-on-boat-danubes-boat/Background_MEDIUM.jpg?066eb13c-66d7-4dc7-9eda-425b7e07f01c
Florin Cercel ?i trupa LIVE la Plaza Lake Roji?te ?? Petrecere & Concert de 1 Mai,"joi, 1 mai 2025, 15:00","Plaza Lake, Rojiste",100 - 350 lei,https://livetickets-cdn.azureedge.net/itemimages/florin-cercel-si-trupa-live-la-plaza-lake-rojiste-petrecere-concert-de-1-mai/Background_MEDIUM.jpg?e445db79-5bbc-4280-8797-ce79e70aaa75
Deziubire - 1 mai,"joi, 1 mai 2025, 20:00","Strada Logofatul Tautu 68A, Bucure?ti",72 lei,https://livetickets-cdn.azureedge.net/itemimages/deziubire-1-mai/Background_MEDIUM.jpg?e25bc0ba-057b-46f4-b80e-960f21008929
"Three days, one story: 1st of May Weekend","joi, 1 mai 2025, 21:00","Ponton Casa Baraj, Valiug",199 - 299 lei,https://livetickets-cdn.azureedge.net/itemimages/three-days-one-story-1st-of-may-weekend/Background_MEDIUM.jpg?be83d89d-b93b-40a7-9ecb-e0847a6574a4
SUNWAVES Festival ::: SW35 ::: Spring Edition ::: Mamaia Nord,"joi, 1 mai 2025, 23:00","Neverland Beach, Constan?a",294 - 882 lei,https://livetickets-cdn.azureedge.net/itemimages/sunwaves-festival-sw35-spring-edition-mamaia-nord/Background_MEDIUM.jpg?77f8d140-886f-4304-b856-250b4da10649
Homie on Boat / Danubes Boat,"vineri, 2 mai 2025, 12:00","Tulcea, Tulcea",368 - 10500 lei,https://livetickets-cdn.azureedge.net/itemimages/homie-on-boat-danubes-boat/Background_MEDIUM.jpg?5fdb5e57-a7bb-4611-8b7d-b8cb4570cb7f
AdrianEvi Live @ SCENA Timi?oara,"vineri, 2 mai 2025, 20:00","SCENA, Timi?oara",15 lei,https://livetickets-cdn.azureedge.net/itemimages/adrianevi-live-scena-timisoara/Background_MEDIUM.jpg?a787c341-a1da-4913-9c6d-1300291aa261
Tavanul de sticla - 2 mai,"vineri, 2 mai 2025, 20:00","Strada Logofatul Tautu 68A, Bucure?ti",72 lei,https://livetickets-cdn.azureedge.net/itemimages/tavanul-de-sticla-2-mai/Background_MEDIUM.jpg?f1176a42-64bf-40ca-aeb0-7c84f60a7f06
TeO Magic Show - 3 mai,"smbata, 3 mai 2025, 11:00","Strada Logofatul Tautu 68A, Bucure?ti",54 lei,https://livetickets-cdn.azureedge.net/itemimages/teo-magic-show-3-mai/Background_MEDIUM.jpg?03a95660-e47b-4235-89fc-0d056473b494
Girls wanna have fun / Danubes Boat,"smbata, 3 mai 2025, 13:00","Tulcea, Tulcea",800 - 10500 lei,https://livetickets-cdn.azureedge.net/itemimages/girls-wanna-have-fun-danubes-boat/Background_MEDIUM.jpg?5f485d31-8dc9-4f1d-a95f-f98929431e7f
Cu moartea la doctor - 3 mai,"smbata, 3 mai 2025, 20:00","Strada Logofatul Tautu 68A, Bucure?ti",72 lei,https://livetickets-cdn.azureedge.net/itemimages/cu-moartea-la-doctor-3-mai/Background_MEDIUM.jpg?908a4b75-3c6e-4759-8739-8cffa7370039
?edin?a cu parin?ii - 4 mai,"duminica, 4 mai 2025, 20:00","Strada Logofatul Tautu 68A, Bucure?ti",72 lei,https://livetickets-cdn.azureedge.net/itemimages/sedinta-cu-parintii-4-mai/Background_MEDIUM.jpg?d34f305d-57f3-4738-bfe0-ba3bdd204dc6
A.I.: Cnd un robot scrie o piesa de teatru - 6 mai,"mar?i, 6 mai 2025, 20:00","Strada Logofatul Tautu 68A, Bucure?ti",72 lei,https://livetickets-cdn.azureedge.net/itemimages/ai-cand-un-robot-scrie-o-piesa-de-teatru-6-mai/Background_MEDIUM.jpg?683864ec-0f91-4859-8be7-cda501af8960
Cum sa supravie?uie?ti unei apocalipse zombi? - 7 mai,"miercuri, 7 mai 2025, 20:00","Strada Logofatul Tautu 68A, Bucure?ti",72 lei,https://livetickets-cdn.azureedge.net/itemimages/cum-sa-supravietuiesti-unei-apocalipse-zombi-7-mai/Background_MEDIUM.jpg?3ef7f311-2b5c-4127-918a-86d5eeacdcba
Legendarii n turneu,"joi, 8 mai 2025, 19:00","Slobozia, Slobozia",100 lei,https://livetickets-cdn.azureedge.net/itemimages/legendarii-in-turneu/Background_MEDIUM.jpg?361e4ec4-5e0f-4850-89d5-a96140c5fb3b
Dust - 8 mai,"joi, 8 mai 2025, 20:00","Strada Logofatul Tautu 68A,",72 lei,https://livetickets-cdn.azureedge.net/itemimages/dust-8-mai/Background_MEDIUM.jpg?f4228e4c-1d3d-4ded-9870-fc3f34ac3911
Red 7 Seven Ladies - Live dance show & music,"joi, 8 mai 2025, 21:00","?oseaua Mihai Bravu 223, Bucure?ti",30 lei,https://livetickets-cdn.azureedge.net/itemimages/red-7-seven-ladies-live-dance-show-music/Background_MEDIUM.jpg?5c5977a5-f458-4c72-8a17-0414aee91b94
Mihai Margineanu at Fabrica de Bere,"vineri, 9 mai 2025, 18:40","Fabrica de Bere, Cluj-Napoca",25 - 50 lei,https://livetickets-cdn.azureedge.net/itemimages/mihai-margineanu-at-fabrica-de-bere-1/Background_MEDIUM.jpg?fc6f582c-1301-4192-9ca1-9444d6af98e4
GUESS THE ARTIST ????,"vineri, 9 mai 2025, 19:00","Exit Club, Timi?oara",40 - 70 lei,https://livetickets-cdn.azureedge.net/itemimages/guess-the-artist/Background_MEDIUM.jpg?129e7093-7e7b-4773-b018-2060198ebb7f
Un spectacol dumnezeiesc - 9 mai,"vineri, 9 mai 2025, 20:00","Strada Logofatul Tautu 68A, Bucure?ti",72 lei,https://livetickets-cdn.azureedge.net/itemimages/un-spectacol-dumnezeiesc-9-mai/Background_MEDIUM.jpg?b951e92b-7c78-417b-9695-1c8251d1d91c
Azur at Fabrica de Bere,"smbata, 10 mai 2025, 18:40","Fabrica de Bere, Cluj-Napoca",25 - 50 lei,https://livetickets-cdn.azureedge.net/itemimages/azur-at-fabrica-de-bere-1/Background_MEDIUM.jpg?3bb5242c-ee0e-45ab-a2ed-2fb9e45c9634
"Iubitule, hai sa renovam! - 10 mai","smbata, 10 mai 2025, 20:00","Strada Logofatul Tautu 68A,",72 lei,https://livetickets-cdn.azureedge.net/itemimages/iubitule-hai-sa-renovam-10-mai/Background_MEDIUM.jpg?973ba367-986a-41bb-944c-e01f83825623
Cyclic x Margo presents DEEP DISH,"smbata, 10 mai 2025, 22:00","City Gate, Bucure?ti",68 - 148 lei,https://livetickets-cdn.azureedge.net/itemimages/cyclic-x-margo-presents-deep-dish/Background_MEDIUM.jpg?9e10ed22-fa42-47be-8edf-88575f6e082b
Ada Milea at Euphoria Music Hall,"duminica, 11 mai 2025, 18:00","Euphoria Music Hall, Cluj-Napoca",30 - 75 lei,https://livetickets-cdn.azureedge.net/itemimages/ada-milea-at-euphoria-music-hall/Background_MEDIUM.jpg?59edfa3b-6735-43b6-bf33-4638a4f48368
O zi din via?a unui politician fericit - 11 mai,"duminica, 11 mai 2025, 20:00","Strada Logofatul Tautu 68A, Bucure?ti",72 lei,https://livetickets-cdn.azureedge.net/itemimages/o-zi-din-viata-unui-politician-fericit-11-mai/Background_MEDIUM.jpg?2d797fa0-1182-45d7-bf44-de4e0a530fa4
Trei surori n Atena - 13 mai,"mar?i, 13 mai 2025, 20:00","Strada Logofatul Tautu 68A, Bucure?ti",72 lei,https://livetickets-cdn.azureedge.net/itemimages/trei-surori-in-atena-13-mai/Background_MEDIUM.jpg?d496d72b-5d8c-486c-af61-5268650dbcda
Jocul de mine - 14 mai,"miercuri, 14 mai 2025, 20:00","Strada Logofatul Tautu 68A, Bucure?ti",72 lei,https://livetickets-cdn.azureedge.net/itemimages/jocul-de-maine-14-mai/Background_MEDIUM.jpg?b8258da3-7953-408d-8aa8-79325f1c5eb1
Antract at Euphoria Music Hall,"joi, 15 mai 2025, 18:40","Euphoria Music Hall, Cluj-Napoca",40 - 60 lei,https://livetickets-cdn.azureedge.net/itemimages/antract-at-euphoria-music-hall/Background_MEDIUM.jpg?4935fed8-9aa4-4e5b-bee0-52ec6b6af756
Deziubire - 15 mai,"joi, 15 mai 2025, 20:00","Strada Logofatul Tautu 68A, Bucure?ti",72 lei,https://livetickets-cdn.azureedge.net/itemimages/deziubire-15-mai/Background_MEDIUM.jpg?b4c9b5df-73ca-40f0-b96f-c4878cad9617
Taraful Rutenilor at Euphoria Music Hall,"vineri, 16 mai 2025, 18:40","Euphoria Music Hall, Cluj-Napoca",45 - 90 lei,https://livetickets-cdn.azureedge.net/itemimages/taraful-rutenilor-at-euphoria-music-hall/Background_MEDIUM.jpg?841710c7-5083-4e4d-b8fb-9ad74d389e4d
Straini n viitor - 16 mai,"vineri, 16 mai 2025, 20:00","Strada Logofatul Tautu 68A, Bucure?ti",72 lei,https://livetickets-cdn.azureedge.net/itemimages/straini-in-viitor-16-mai/Background_MEDIUM.jpg?47aac767-e9ae-4b8a-a890-cf149840a6bb
TOMI & KESH X SONDER,"vineri, 16 mai 2025, 23:00","Heaven, Timi?oara",40 - 3000 lei,https://livetickets-cdn.azureedge.net/itemimages/x-sonder/Background_MEDIUM.jpg?1f9dfd71-5340-4de4-b45c-f1bf05674c00
Velvet Open Season,"smbata, 17 mai 2025, 15:00","Velvet Winery, Tohani",49 - 199 lei,https://livetickets-cdn.azureedge.net/itemimages/velvet-open-season/Background_MEDIUM.jpg?
ROA at Fabrica de Bere,"smbata, 17 mai 2025, 18:40","Fabrica de Bere, Cluj-Napoca",25 - 50 lei,https://livetickets-cdn.azureedge.net/itemimages/roa-at-fabrica-de-bere/Background_MEDIUM.jpg?2a3237fd-82fa-4aa4-ab5a-53729aa3f1d1
Robin and the Backstabbers n concert // Bucure?ti - Beraria H,"smbata, 17 mai 2025, 18:45","Beraria H, Bucure?ti",24.9 - 49.9 lei,https://livetickets-cdn.azureedge.net/itemimages/robin-backstabbers-ratb-concert-2025/Background_MEDIUM.jpg?edc8aa7e-d934-4d25-8ad6-df7fa57537c6
"Daca te na?ti ntr-o luni, vei muri ntr-o vineri - 17 mai","smbata, 17 mai 2025, 20:00","Strada Logofatul Tautu 68A, Bucure?ti",72 lei,https://livetickets-cdn.azureedge.net/itemimages/daca-te-nasti-intr-o-luni-vei-muri-intr-o-vineri-17-mai/Background_MEDIUM.jpg?7f10495e-f056-463e-99e6-13a2b7616607
ADRIATIQUE x GAIA,"smbata, 17 mai 2025, 22:00","Herastrau Park, Bucharest",150 - 200 lei,https://livetickets-cdn.azureedge.net/itemimages/adriatique-x-gaia/Background_MEDIUM.jpg?3568eb47-280e-49cc-9af3-4fbabdf7b146
Motanul ?i unicornul - 18 mai,"duminica, 18 mai 2025, 11:00","Strada Logofatul Tautu 68A, Bucure?ti",54 lei,https://livetickets-cdn.azureedge.net/itemimages/motanul-si-unicornul-18-mai/Background_MEDIUM.jpg?adbeb9c5-53a4-44e1-a107-1c3374e1f6ab
Fra?ii Cazanoi ?i Ioana ?tefan at Euphoria Music Hall,"duminica, 18 mai 2025, 18:00","Euphoria Music Hall, Cluj-Napoca",60 - 70 lei,https://livetickets-cdn.azureedge.net/itemimages/fratii-cazanoi-si-ioana-stefan-at-euphoria-music-hall/Background_MEDIUM.jpg?7566f75c-5eaa-49bc-af63-f407e7160fd5
?edin?a cu parin?ii - 18 mai,"duminica, 18 mai 2025, 20:00","Strada Logofatul Tautu 68A, Bucure?ti",72 lei,https://livetickets-cdn.azureedge.net/itemimages/sedinta-cu-parintii-18-mai/Background_MEDIUM.jpg?0f23d4e4-4190-455f-9b0d-04f323bec795
Stelu Enache & Band,"mar?i, 20 mai 2025, 19:45","Beraria H, Bucure?ti",49 - 89 lei,https://livetickets-cdn.azureedge.net/itemimages/concert-stelu-enache-bucuresti-2025/Background_MEDIUM.jpg?3bf0a3f6-cf44-4f38-84ac-6c66269779ad
Despre ngeri ?i pasarici - 21 mai,"miercuri, 21 mai 2025, 20:00","Strada Logofatul Tautu 68A, Bucure?ti",72 lei,https://livetickets-cdn.azureedge.net/itemimages/despre-ingeri-si-pasarici-21-mai/Background_MEDIUM.jpg?a15c83f0-49d4-4a40-9b93-56d5bcebd87a
O zi din via?a unui politician fericit - 22 mai,"joi, 22 mai 2025, 20:00","Strada Logofatul Tautu 68A, Bucure?ti",72 lei,https://livetickets-cdn.azureedge.net/itemimages/o-zi-din-viata-unui-politician-fericit-22-mai/Background_MEDIUM.jpg?faf8a5c2-4bea-43e5-a78b-bb4accfce230
Horia Brenciu & HB Orchestra cnta n Ora?ul cu Chef de Via?a,"joi, 22 mai 2025, 20:30","Beraria H, Bucure?ti",39.9 - 99.9 lei,https://livetickets-cdn.azureedge.net/itemimages/concert-horia-brenciu-bucuresti-250522/Background_MEDIUM.jpg?430b196e-794a-4f91-b8e2-48d3f2d7c654
Truth Ceremony - Alice D Records Night,"vineri, 23 mai 2025, 13:11","Breaza, Breaza",250 lei,https://livetickets-cdn.azureedge.net/itemimages/truth-ceremony-alice-d-records-night/Background_MEDIUM.jpg?04504c57-6251-4349-8517-e7dbd5ce0140
Mihail at Fabrica de Bere,"vineri, 23 mai 2025, 18:40","Fabrica de Bere, Cluj-Napoca",25 - 50 lei,https://livetickets-cdn.azureedge.net/itemimages/mihail-at-fabrica-de-bere/Background_MEDIUM.jpg?16ea1ce1-dd43-4767-9417-b40e09cf5d93
"Iubitule, hai sa renovam! - 23 mai","vineri, 23 mai 2025, 20:00","Strada Logofatul Tautu 68A, Bucure?ti",72 lei,https://livetickets-cdn.azureedge.net/itemimages/iubitule-hai-sa-renovam-23-mai/Background_MEDIUM.jpg?dee8cf18-a058-453e-919c-e6bdd477f6f4
Crina ?i papu?ile vorbitoare - 24 mai,"smbata, 24 mai 2025, 11:00","Strada Logofatul Tautu 68A, Bucure?ti",54 lei,https://livetickets-cdn.azureedge.net/itemimages/crina-si-papusile-vorbitoare-24-mai/Background_MEDIUM.jpg?62a3b3eb-788c-408d-b9a2-ff4df5e4a8a0
TEDxAvram Iancu Street - Life Changing Decisions,"smbata, 24 mai 2025, 13:00","Cluj-Napoca, Romnia,",75 - 150 lei,https://livetickets-cdn.azureedge.net/itemimages/tedxavram-iancu-street-life-changing-decisions/Background_MEDIUM.jpg?fe2376c4-ab3a-4a0a-93ec-b9dc66ccfeab
Carmen ?erban at Euphoria Music Hall,"smbata, 24 mai 2025, 18:40","Euphoria Music Hall, Cluj-Napoca",25 - 50 lei,https://livetickets-cdn.azureedge.net/itemimages/carmen-serban-at-euphoria-music-hall/Background_MEDIUM.jpg?8cf67b4f-c78d-4ad1-b0bb-390e731eea55
Un spectacol dumnezeiesc - 24 mai,"smbata, 24 mai 2025, 20:00","Strada Logofatul Tautu 68A, Bucure?ti",72 lei,https://livetickets-cdn.azureedge.net/itemimages/un-spectacol-dumnezeiesc-24-mai/Background_MEDIUM.jpg?9dfb4a82-c66b-42e0-b528-73d293b4f92b
Iasi: MANELIADA | Cu capul in nori,"smbata, 24 mai 2025, 22:00","The Secret, Iasi",70 lei,https://livetickets-cdn.azureedge.net/itemimages/iasi-maneliada-cu-capul-in-nori/Background_MEDIUM.jpg?fdabe0d1-f98d-4c93-a2ab-1410bf2b03b3
Atipic - Dubfire b2b Priku | Franco Cinelli b2b Arapu | DumitrEscu,"smbata, 24 mai 2025, 22:00","Galeria SENAT, Bucure?ti",60 - 80 lei,https://livetickets-cdn.azureedge.net/itemimages/atipic-dubfire-b2b-priku-franco-cinelli-b2b-arapu-dumitrescu/Background_MEDIUM.jpg?a099342d-1450-4cb5-8845-e8387a39a9e4
Tavanul de sticla - 25 mai,"duminica, 25 mai 2025, 20:00","Strada Logofatul Tautu 68A, Bucure?ti",72 lei,https://livetickets-cdn.azureedge.net/itemimages/tavanul-de-sticla-25-mai/Background_MEDIUM.jpg?3f7585e0-97ba-453c-b795-a936a28df033
Pove?ti de familie - 26 mai,"luni, 26 mai 2025, 20:00","Strada Logofatul Tautu 68A, Bucure?ti",72 lei,https://livetickets-cdn.azureedge.net/itemimages/povesti-de-familie-26-mai/Background_MEDIUM.jpg?9f5ebd19-c8ce-4cba-b73a-c03678d14253
Legendarii n turneu,"mar?i, 27 mai 2025, 18:00","Alexandria, Alexandria",100 - 110 lei,https://livetickets-cdn.azureedge.net/itemimages/legendarii-in-turneu-2/Background_MEDIUM.jpg?2b3c2580-a39f-4b68-aa29-902b0618f47d
Billboard - 27 mai,"mar?i, 27 mai 2025, 20:00","Strada Logofatul Tautu 68A, Bucure?ti",72 lei,https://livetickets-cdn.azureedge.net/itemimages/billboard-27-mai/Background_MEDIUM.jpg?f592f791-6fe1-440e-a251-4ad1c6846b14
Straini n viitor - 28 mai,"miercuri, 28 mai 2025, 20:00","Strada Logofatul Tautu 68A, Bucure?ti",72 lei,https://livetickets-cdn.azureedge.net/itemimages/straini-in-viitor-28-mai/Background_MEDIUM.jpg?8b46b34a-7871-434a-8d5c-e20e781af7a9
?ase feluri de mncare dintr-o singura gaina - 29 mai,"joi, 29 mai 2025, 20:00","Strada Logofatul Tautu 68A, Bucure?ti",72 lei,https://livetickets-cdn.azureedge.net/itemimages/sase-feluri-de-mancare-dintr-o-singura-gaina-29-mai/Background_MEDIUM.jpg?9701f4f8-420b-48a2-ba97-1a6a95f23dbc
SENZORIA FESTIVAL,"vineri, 30 mai 2025, 16:00","Palace of Culture, Ia?i",100 lei,https://livetickets-cdn.azureedge.net/itemimages/senzoria-festival/Background_MEDIUM.jpg?f7e350ff-c689-429c-acc7-bba8399ff85d
Lupii lui Calancea ?i Surorile Osoianu at Euphoria Music Hall,"vineri, 30 mai 2025, 18:40","Euphoria Music Hall, Cluj-Napoca",55 - 110 lei,https://livetickets-cdn.azureedge.net/itemimages/lupii-lui-calancea-si-surorile-osoianu-at-euphoria-music-hall/Background_MEDIUM.jpg?dd995eb0-d73e-42d4-8c88-ba996640ceb9
Hai sa facem sex - 30 mai,"vineri, 30 mai 2025, 20:00","Strada Logofatul Tautu 68A,",72 lei,https://livetickets-cdn.azureedge.net/itemimages/hai-sa-facem-sex-30-mai/Background_MEDIUM.jpg?47276eed-db65-403a-aa79-fef7b0aa86a7
Cu moartea la doctor - 31 mai,"smbata, 31 mai 2025, 20:00","Strada Logofatul Tautu 68A, Bucure?ti",72 lei,https://livetickets-cdn.azureedge.net/itemimages/cu-moartea-la-doctor-31-mai/Background_MEDIUM.jpg?f8fbf658-cd62-4347-9914-c03687980d86
UNUM FESTIVAL 2025,"joi, 5 iunie 2025, 12:00","Rana e Hedhun, Shngjin",435 lei,https://livetickets-cdn.azureedge.net/itemimages/unum-festival-2025/Background_MEDIUM.jpg?06e33e64-bbca-41ec-85b3-bf8adab41ffd
BIBI ADVENTURE CAMPFEST 4,"vineri, 6 iunie 2025, 11:00","Vibe Camp, Patrlagele",120 - 550 lei,https://livetickets-cdn.azureedge.net/itemimages/bibi-adventure-campfest-4/Background_MEDIUM.jpg?f67e03c4-4268-4d0d-8c02-192eb74250ac
BSW s a Gang | Escape Garden | 2025.06.06,"vineri, 6 iunie 2025, 18:00","ESCAPE GARDEN, Vlahi?a",70 - 150 lei,https://livetickets-cdn.azureedge.net/itemimages/bsw-es-a-gang-escape-garden-20250606/Background_MEDIUM.jpg?33aae8eb-ba98-4338-bc1d-7e0eb5902420
ANIMAS | AME,"vineri, 6 iunie 2025, 20:00","ROMAERO S.A., Bucure?ti",125 - 625 lei,https://livetickets-cdn.azureedge.net/itemimages/animas-ame/Background_MEDIUM.jpg?e5022ffa-eeec-4e0d-9683-be4c214dc42e
JAMIE JONES IN BUCHAREST | KRISTAL GROOVE x THE BRUNCH AFFAIR,"vineri, 6 iunie 2025, 22:00","Bucharest, Bucharest",79 - 299 lei,https://livetickets-cdn.azureedge.net/itemimages/jamie-jones-in-bucharest-kristal-groove-x-the-brunch-affair/Background_MEDIUM.jpg?1f6d85a1-45c1-43d8-899f-675c68f423f6
Paco Osuna for the First Time in Trgu Mure?!,"vineri, 6 iunie 2025, 23:00","Uzina Foto, Trgu Mure?",79 - 149 lei,https://livetickets-cdn.azureedge.net/itemimages/paco-osuna-for-the-first-time-in-targu-mures/Background_MEDIUM.jpg?0aec547c-7fa2-4363-a084-ae7adbac1d37
BDLP X La Ponton,"smbata, 14 iunie 2025, 21:00","Club Ponton, Darmane?ti",80 - 150 lei,https://livetickets-cdn.azureedge.net/itemimages/bdlp-x-la-ponton/Background_MEDIUM.jpg?b184a16a-9525-4f64-a6f9-189be2bb8b86
Afro on Boat / Danubes Boat,"vineri, 20 iunie 2025, 12:00","Tulcea,",368 - 4000 lei,https://livetickets-cdn.azureedge.net/itemimages/afro-on-boat-danubes-boat/Background_MEDIUM.jpg?40145084-7869-49e2-9b46-5095c95eef04
Old School on Boat / Danubes Boat,"smbata, 21 iunie 2025, 12:00","Tulcea, Tulcea",368 - 4000 lei,https://livetickets-cdn.azureedge.net/itemimages/old-school-on-boat-danubes-boat/Background_MEDIUM.jpg?1ac02457-a58f-40b9-b652-67cad26dd1cf
Nyama w/ Christian Lepah @ La Ponton,"smbata, 21 iunie 2025, 21:00","Club Ponton, Darmane?ti",30 lei,https://livetickets-cdn.azureedge.net/itemimages/la-ponton-presents-nyama-x-christian-lepah/Background_MEDIUM.jpg?662aacac-426d-4d1d-b7b4-9c806ac3ab1e
NOSTALGIA 2025,"joi, 26 iunie 2025, 17:00","Federatia Romana de Tir Sportiv , Bucuresti",249 - 289 lei,https://livetickets-cdn.azureedge.net/itemimages/nostalgia-2025/Background_MEDIUM.jpg?f9a183ed-809c-4a9a-a4de-9c2517c27e57
La Ponton presents The Duo's | Dobrikan & Kub | MuTT&Dee | Laura Musuroaea & Bogdan Urucu,"smbata, 28 iunie 2025, 21:00","Club Ponton, Darmane?ti",45 - 60 lei,https://livetickets-cdn.azureedge.net/itemimages/la-ponton-presents-the-duos-dobrikan-muttdee-laura-musuroaia-bogdan-urucu/Background_MEDIUM.jpg?0ef3ae6a-da96-4026-be0f-191254323fb6
MOX 2025,"joi, 3 iulie 2025, 14:00","Valea Draganului, coada Lacului Floroiu,",350 lei,https://livetickets-cdn.azureedge.net/itemimages/mox-2025/Background_MEDIUM.jpg?b3be16a2-2263-443a-b8e9-4366312ee896
WAVES FESTIVAL 2025,"vineri, 4 iulie 2025, 17:00","Baile 1 Mai, Comuna Snmartin",79 - 139 lei,https://livetickets-cdn.azureedge.net/itemimages/waves-festival-2025/Background_MEDIUM.jpg?bd113696-2c97-4745-b13e-f8cc8e810f66
Tulum Experience Day Pool Party X La Ponton,"smbata, 19 iulie 2025, 10:00","Club Ponton, Darmane?ti",35 - 50 lei,https://livetickets-cdn.azureedge.net/itemimages/tulum-experience-day-pool-party-x-la-ponton/Background_MEDIUM.jpg?03d81083-6cd4-4ee4-a589-9726529c6ada
Tulum Experience X La Ponton,"smbata, 19 iulie 2025, 21:00","Club Ponton, Darmane?ti",50 - 280 lei,https://livetickets-cdn.azureedge.net/itemimages/tulum-experience-x-la-ponton/Background_MEDIUM.jpg?ba431a04-c361-47bf-9823-713f1780db18
ARTmania Festival Sibiu 2025,"vineri, 25 iulie 2025, 16:00","Pia?a Mare, Sibiu",350 - 550 lei,https://livetickets-cdn.azureedge.net/itemimages/artmania-festival-sibiu-2025/Background_MEDIUM.jpg?c388a9d6-c888-4f4e-ae24-9deb969fa28d
Young Island Festival 2025 - The Lighthouse,"joi, 31 iulie 2025, 16:00","Insula de Agrement, Bacau",400 - 600 lei,https://livetickets-cdn.azureedge.net/itemimages/young-island-festival-2025-the-lighthouse/Background_MEDIUM.jpg?c8aa14b3-5bcc-4e6e-b6d4-a88c322e248a
TSP 2025 -10 Years Edition,"vineri, 1 august 2025, 16:00","Teaca, Teaca",200 lei,https://livetickets-cdn.azureedge.net/itemimages/tsp-2025-10-years-edition/Background_MEDIUM.jpg?0adbdb99-b5cf-4b3c-914b-a4359a5ebb18
Curtea de Arges Wine Festival 2025,"vineri, 8 august 2025, 16:00","Pensiunea Clasic, Curtea de Arge?",50 - 160 lei,https://livetickets-cdn.azureedge.net/itemimages/curtea-de-arges-wine-festival-2025/Background_MEDIUM.jpg?fd2ae4f0-ba7b-495e-aed4-07d7d4dbd498
Vuiet Camp Around 2025,"miercuri, 13 august 2025, 18:00","Cabana Drago? Bejan, Comuna Rucar",200 lei,https://livetickets-cdn.azureedge.net/itemimages/vuiet-camp-around-2025/Background_MEDIUM.jpg?fe100e69-2d1f-4874-97da-f21cf1ca76a3
Nassau Festival,"joi, 14 august 2025, 15:00","Baza Militara Cere?naia, Anina",129 - 350 lei,https://livetickets-cdn.azureedge.net/itemimages/nassau-festival/Background_MEDIUM.jpg?0328b878-d5f3-4554-ba9a-797c21881b8b
We Love Music Festival 2025,"vineri, 15 august 2025, 19:00","Ramnicu Valcea - Platoul Feteni,",300 - 400 lei,https://livetickets-cdn.azureedge.net/itemimages/we-love-music-festival-2025/Background_MEDIUM.jpg?d277fe85-528d-452a-b9ed-4bb62a4b6285
AMESTEC - Episodul 4,"vineri, 22 august 2025, 14:00","Amestec, Delu?",50 - 225 lei,https://livetickets-cdn.azureedge.net/itemimages/amestec-episodul-4/Background_MEDIUM.jpg?feb27662-3267-451f-92a4-a4af771dd13d
Balkanik Festival 2025,"vineri, 5 septembrie 2025, 16:00","Bucharest, Bucharest",100 lei,https://livetickets-cdn.azureedge.net/itemimages/balkanik-festival-2025/Background_MEDIUM.jpg?fab28718-1c3a-4d64-a3a8-9f9067e0e560
Oradea Nights Festival 2025,"vineri, 31 octombrie 2025, 16:00","Oradea Arena, Oradea",85 - 185 lei,https://livetickets-cdn.azureedge.net/itemimages/oradea-nights-festival-2025/Background_MEDIUM.jpg?fc1e4bb0-60ff-4614-971b-37afee873280
AFTERWEEN XX,"vineri, 31 octombrie 2025, 20:00","Oradea, Oradea",0 - 49.99 lei,https://livetickets-cdn.azureedge.net/itemimages/iii/Background_MEDIUM.jpg?a47003f4-d412-4704-9eec-6a7edaee8af4
Balul Haretistilor 2025,"miercuri, 12 noiembrie 2025, 19:00","RISTORANTE MONZA, Bucure?ti",75 lei,https://livetickets-cdn.azureedge.net/itemimages/balul-haretistilor-2025/Background_MEDIUM.jpg?f03cef3d-44a1-4d91-8b05-d2f406efed4d
CIRCUS NYE 2026,"miercuri, 31 decembrie 2025, 19:00","Laminor Arena, Bucure?ti",99 lei,https://livetickets-cdn.azureedge.net/itemimages/circus-nye-2026/Background_MEDIUM.jpg?a2b0ef6b-9de1-459f-b6d1-b3b46724ddec
